id,opportunity_created,date_purchased,first_name,last_name,email,gender,financed,pct_financed,car_make,car_model,car_year,car_color,purchase_price
1,2022-07-12,2023-03-14,Caressa,Pavluk,cpavluk0@prnewswire.com,Female,false,0.17,Nissan,200SX,1996,Orange,69829
2,2023-01-19,2023-02-22,Symon,Eyrl,seyrl1@purevolume.com,Male,true,0.13,Honda,Civic Si,2005,Mauv,61199
3,2023-01-09,2022-12-16,Brice,Unthank,bunthank2@dailymail.co.uk,Male,true,0.8,Saturn,VUE,2002,Blue,40799
4,2022-08-01,2023-04-04,Misha,Cargo,mcargo3@ycombinator.com,Female,false,0.68,Jaguar,XK Series,2004,Puce,42159
5,2022-11-10,2023-03-18,Ivy,Celes,iceles4@prnewswire.com,Female,true,0.58,Mazda,626,1992,Fuscia,93685
6,2022-09-29,2023-02-11,Kimberli,Artiss,kartiss5@feedburner.com,Polygender,false,0.23,Mitsubishi,Truck,1992,Aquamarine,78200
7,2022-09-08,2023-04-05,Hobart,Jannequin,hjannequin6@blinklist.com,Male,true,0.52,Land Rover,Range Rover Sport,2007,Green,15423
8,2022-12-16,2023-02-26,Lorrin,Orhrt,lorhrt7@engadget.com,Female,false,0.74,Audi,200,1990,Fuscia,46462
9,2022-09-17,2022-12-04,Spense,Crisell,scrisell8@bbb.org,Male,true,0.89,Mercedes-Benz,CLS-Class,2010,Puce,57425
10,2022-10-07,2023-03-17,Lillian,Vasishchev,lvasishchev9@flavors.me,Female,true,0.2,Jeep,Wrangler,2001,Turquoise,19911
11,2022-12-08,2023-04-14,Haley,Umney,humneya@ezinearticles.com,Female,false,0.62,Volvo,S80,2000,Green,64239
12,2022-12-30,2023-04-27,Maris,Cloutt,mclouttb@comcast.net,Female,false,1.0,Buick,Regal,1986,Green,23160
13,2023-01-25,2023-04-28,Ewan,Bernardet,ebernardetc@list-manage.com,Male,false,0.51,Dodge,Ram Van 3500,2000,Crimson,79817
14,2023-01-29,2023-05-08,Micheil,Mullaney,mmullaneyd@edublogs.org,Male,false,0.53,Porsche,Boxster,2001,Purple,31626
15,2023-02-11,2023-01-11,Jodi,Gerrard,jgerrarde@ehow.com,Female,false,0.18,Toyota,Sienna,2005,Yellow,34867
16,2022-10-13,2023-02-06,Rochell,Renne,rrennef@hao123.com,Female,false,0.16,Chrysler,Sebring,1999,Indigo,77527
17,2022-09-22,2023-03-26,Noemi,Blowin,nblowing@homestead.com,Female,false,0.94,Isuzu,i-Series,2008,Yellow,30847
18,2022-06-09,2023-03-05,Theodoric,O'Lagene,tolageneh@businesswire.com,Male,true,0.12,Oldsmobile,Achieva,1992,Yellow,39992
19,2022-07-27,2022-12-12,Gaile,Legrand,glegrandi@phpbb.com,Genderqueer,true,0.12,Pontiac,Sunfire,1998,Orange,36221
20,2023-01-09,2023-03-19,Stephine,Roze,srozej@g.co,Female,false,0.4,Chevrolet,Astro,1993,Orange,36841
21,2022-09-10,2023-04-28,Coletta,Schulken,cschulkenk@weebly.com,Female,false,0.15,Dodge,Dakota,1998,Purple,17188
22,2022-10-17,2023-05-10,Dyanna,Gierek,dgierekl@buzzfeed.com,Female,false,0.01,Nissan,Sentra,1995,Mauv,92976
23,2022-06-12,2023-01-07,Alden,Lanphere,alanpherem@psu.edu,Male,false,0.49,Volkswagen,GTI,2010,Crimson,57961
24,2022-11-25,2023-02-14,Raynell,Sinclair,rsinclairn@un.org,Female,true,0.16,Jeep,Wrangler,1992,Crimson,73338
25,2022-09-18,2022-11-25,Florence,Lambden,flambdeno@home.pl,Female,true,0.95,MINI,Cooper Countryman,2012,Purple,80308
26,2022-08-17,2023-02-22,Joby,Mabbot,jmabbotp@joomla.org,Female,true,0.13,Mitsubishi,Eclipse,2001,Green,40566
27,2022-05-21,2023-04-24,Lyndsay,Mariet,lmarietq@businesswire.com,Female,true,0.72,Ford,EXP,1985,Pink,86137
28,2022-11-23,2023-05-12,Amery,Beeden,abeedenr@prweb.com,Male,true,0.1,Mercedes-Benz,300CE,1993,Crimson,91621
29,2022-10-13,2022-12-13,Arte,Bruckner,abruckners@cdc.gov,Male,true,0.03,Ford,Bronco,1988,Turquoise,24266
30,2023-01-17,2023-02-25,Iolande,Swate,iswatet@gravatar.com,Female,false,0.81,Infiniti,QX,2006,Puce,71695
31,2022-12-14,2022-11-14,Verina,Le Floch,vleflochu@foxnews.com,Female,true,0.14,Lexus,LS,1991,Aquamarine,93231
32,2022-09-19,2023-05-07,Kenyon,Riteley,kriteleyv@cdbaby.com,Agender,true,0.58,Kia,Sephia,1997,Purple,27339
33,2023-01-31,2023-03-06,Corette,Raitt,craittw@wisc.edu,Female,false,0.47,Cadillac,XLR,2004,Pink,95037
34,2022-06-30,2023-05-01,Cristen,Collings,ccollingsx@nifty.com,Female,false,0.28,Chevrolet,Malibu Maxx,2006,Orange,79918
35,2022-08-27,2023-02-08,Ranna,Marjanski,rmarjanskiy@cpanel.net,Female,true,0.94,Lincoln,Continental Mark VII,1986,Orange,36602
36,2023-01-18,2022-11-26,Caresse,Witling,cwitlingz@homestead.com,Female,true,0.25,Toyota,MR2,2002,Fuscia,97664
37,2022-09-18,2023-01-11,Crosby,Bryning,cbryning10@businesswire.com,Male,true,0.0,Buick,Coachbuilder,1994,Khaki,26121
38,2022-11-17,2023-02-11,Halette,Gooder,hgooder11@wp.com,Female,true,0.21,Hyundai,Genesis Coupe,2011,Fuscia,50265
39,2022-11-05,2022-12-05,Rikki,Oiseau,roiseau12@google.de,Female,true,0.35,Dodge,Avenger,2010,Red,26885
40,2022-10-15,2022-11-24,Beauregard,Cheater,bcheater13@jugem.jp,Male,true,0.09,Jeep,Wrangler,2012,Orange,77819
41,2022-07-29,2022-12-23,Dora,Lipscombe,dlipscombe14@mozilla.com,Female,false,0.75,Ford,E150,2008,Fuscia,40446
42,2022-11-04,2023-03-12,Jess,Hatherall,jhatherall15@simplemachines.org,Male,false,0.7,Mazda,RX-8,2005,Pink,57326
43,2022-12-05,2023-02-11,Leonerd,Winchurst,lwinchurst16@ihg.com,Male,true,0.26,Honda,CR-X,1985,Pink,93242
44,2023-01-30,2022-12-29,Brocky,Coon,bcoon17@hao123.com,Male,false,0.11,Dodge,Viper,1994,Orange,53039
45,2022-07-22,2023-02-23,Jazmin,Agostini,jagostini18@ocn.ne.jp,Female,true,0.82,Chevrolet,Impala,2005,Orange,12852
46,2022-11-15,2023-03-03,Tiena,Savaage,tsavaage19@hubpages.com,Female,true,0.29,Porsche,Boxster,2013,Pink,59233
47,2022-09-21,2022-12-30,Ned,Idle,nidle1a@facebook.com,Male,false,0.92,Lincoln,Mark VIII,1994,Pink,97734
48,2022-06-30,2023-04-29,Anatole,Padula,apadula1b@exblog.jp,Male,false,0.07,Mitsubishi,Mirage,1997,Blue,84674
49,2022-06-30,2022-12-17,Beltran,Redit,bredit1c@mit.edu,Male,true,0.66,Ford,Excursion,2005,Aquamarine,47210
50,2022-05-16,2023-02-01,Gilberta,Cannell,gcannell1d@archive.org,Female,false,0.5,Toyota,Echo,2003,Teal,58767
51,2022-06-15,2023-03-21,Domenico,Bonnesen,dbonnesen1e@hud.gov,Male,true,0.55,Mitsubishi,Sigma,1989,Orange,33356
52,2022-07-04,2023-03-16,Morganica,Duck,mduck1f@dropbox.com,Female,true,0.04,Acura,RL,2005,Crimson,46372
53,2022-09-22,2023-02-21,Cloe,Boardman,cboardman1g@unesco.org,Female,false,0.98,Honda,Pilot,2004,Fuscia,51369
54,2022-09-21,2023-03-18,Jackie,Josefsen,jjosefsen1h@marketwatch.com,Female,true,0.93,Mazda,Mazda3,2005,Violet,41296
55,2023-01-26,2023-01-10,Midge,Corneljes,mcorneljes1i@chicagotribune.com,Female,false,0.84,Alfa Romeo,164,1995,Blue,81597
56,2022-05-23,2023-01-05,Gardiner,Simonot,gsimonot1j@toplist.cz,Male,false,0.16,Chevrolet,Venture,2005,Turquoise,98857
57,2023-01-10,2023-04-30,Rosabella,Webling,rwebling1k@ask.com,Female,true,0.75,Saab,9-3,2004,Indigo,79082
58,2022-06-13,2023-04-30,Kenton,Norcock,knorcock1l@nba.com,Male,true,0.21,Oldsmobile,Ciera,1996,Pink,42146
59,2022-12-11,2023-05-13,Gregg,Spriddle,gspriddle1m@cnet.com,Male,true,0.06,Land Rover,LR3,2007,Red,23751
60,2022-11-16,2023-04-16,Layton,Regus,lregus1n@photobucket.com,Male,true,0.44,Suzuki,X-90,1997,Maroon,62622
61,2022-11-21,2022-12-27,Sheffie,McKeeman,smckeeman1o@pen.io,Genderfluid,false,0.18,Nissan,Xterra,2008,Mauv,66377
62,2022-10-11,2022-12-06,Doy,Dunridge,ddunridge1p@bloomberg.com,Male,true,0.68,Nissan,Pathfinder,1995,Crimson,21817
63,2022-08-05,2023-01-05,Alex,Fomichyov,afomichyov1q@msn.com,Male,true,0.68,Jaguar,X-Type,2008,Teal,10354
64,2022-12-10,2023-01-22,Glad,Donwell,gdonwell1r@nih.gov,Female,true,0.51,Audi,A4,2010,Red,29979
65,2022-05-28,2023-01-07,Don,Philson,dphilson1s@google.es,Male,false,0.39,Spyker,C8,2006,Aquamarine,82655
66,2023-01-13,2023-01-17,Irita,Platt,iplatt1t@moonfruit.com,Female,false,0.25,Mitsubishi,Montero,1995,Pink,66083
67,2022-08-02,2023-04-13,Allissa,Marunchak,amarunchak1u@de.vu,Female,true,0.6,Mercedes-Benz,SLK-Class,1997,Violet,62266
68,2022-06-29,2023-04-06,Talya,Leete,tleete1v@europa.eu,Female,false,0.12,Ford,Mustang,2009,Orange,58480
69,2022-08-11,2023-01-22,Celestina,Orton,corton1w@jugem.jp,Female,true,0.51,Buick,Century,2000,Orange,14357
70,2022-05-28,2023-01-05,Shae,Tolson,stolson1x@businessweek.com,Male,true,0.87,GMC,2500,1996,Puce,71414
71,2022-10-19,2022-11-16,Nesta,Kroon,nkroon1y@abc.net.au,Female,false,0.97,Mitsubishi,3000GT,1997,Green,24315
72,2022-09-05,2023-04-27,Frederick,Ruppelin,fruppelin1z@over-blog.com,Male,false,0.94,Nissan,Maxima,1990,Teal,94269
73,2022-08-10,2023-02-20,Calli,Batting,cbatting20@issuu.com,Female,true,0.33,Maserati,Coupe,2006,Blue,95361
74,2022-09-14,2022-11-20,Brendin,Beckinsall,bbeckinsall21@thetimes.co.uk,Genderqueer,true,0.89,Mazda,Miata MX-5,1997,Indigo,39150
75,2023-01-07,2023-03-06,Merrielle,Markovich,mmarkovich22@globo.com,Female,false,0.95,Mazda,626,1983,Violet,47050
76,2023-02-08,2022-11-15,Ruthie,Aleksankov,raleksankov23@istockphoto.com,Female,true,0.07,Suzuki,Daewoo Lacetti,2008,Aquamarine,77873
77,2022-10-08,2023-03-05,Gretta,Bewshaw,gbewshaw24@pinterest.com,Female,false,0.65,Mazda,626,1997,Maroon,27850
78,2022-06-25,2023-05-11,Baxie,Rumgay,brumgay25@whitehouse.gov,Male,false,0.77,Volvo,S40,2002,Aquamarine,93212
79,2022-06-09,2023-01-07,Velvet,Illes,villes26@newyorker.com,Bigender,true,0.18,Honda,Fit,2011,Goldenrod,58786
80,2023-01-24,2023-03-24,Ruben,Wilbor,rwilbor27@businessweek.com,Male,false,0.02,Mercedes-Benz,C-Class,2005,Aquamarine,75725
81,2022-06-13,2022-11-27,Sayer,Jacox,sjacox28@nature.com,Male,false,0.75,Oldsmobile,Bravada,2001,Violet,95751
82,2022-05-21,2023-04-22,Jarrod,Trasler,jtrasler29@usgs.gov,Male,true,0.18,Chrysler,200,2011,Goldenrod,12490
83,2022-10-11,2022-12-05,Danit,Branford,dbranford2a@amazon.com,Female,false,0.54,Suzuki,Swift,2005,Purple,34212
84,2022-10-23,2022-12-15,Boony,Winterson,bwinterson2b@slideshare.net,Male,false,0.63,Saturn,VUE,2005,Crimson,55111
85,2022-09-10,2022-12-05,Rogers,Ramshay,rramshay2c@alexa.com,,true,0.59,Suzuki,SJ,1988,Purple,43218
86,2023-01-01,2023-05-05,Earle,Laboune,elaboune2d@engadget.com,Male,false,0.77,Hyundai,Accent,2010,Blue,24698
87,2023-01-30,2023-05-06,Chrystal,Methley,cmethley2e@ebay.com,Female,true,0.8,Ford,Explorer,2008,Pink,47517
88,2022-07-23,2023-02-27,Willey,Mesias,wmesias2f@wp.com,Bigender,true,0.39,Ford,Econoline E250,1995,Mauv,76946
89,2022-09-24,2023-05-08,Tamra,Zute,tzute2g@usnews.com,Female,true,0.89,Suzuki,Kizashi,2010,Puce,25518
90,2022-11-22,2023-04-22,Richie,Jacobs,rjacobs2h@usa.gov,Male,true,0.46,Mitsubishi,Mighty Max Macro,1994,Aquamarine,17766
91,2022-10-07,2023-02-17,Sherlock,Aberkirder,saberkirder2i@arizona.edu,Male,false,0.47,Mercedes-Benz,E-Class,1998,Red,46594
92,2022-08-28,2022-11-26,Nickolai,Androck,nandrock2j@mayoclinic.com,Male,true,0.94,Mitsubishi,3000GT,1997,Puce,88510
93,2022-12-23,2023-04-01,Celestia,Creber,ccreber2k@tripadvisor.com,Female,false,0.75,Mazda,RX-7,1984,Crimson,35005
94,2022-10-04,2022-11-25,Niel,Lanfranconi,nlanfranconi2l@usatoday.com,Male,true,0.09,Plymouth,Voyager,1993,Goldenrod,60765
95,2023-01-19,2022-12-08,Filia,Bernolet,fbernolet2m@themeforest.net,Female,true,0.39,Chrysler,Concorde,1996,Mauv,28495
96,2022-08-26,2023-01-06,Vic,Belverstone,vbelverstone2n@cargocollective.com,Non-binary,false,0.65,Mazda,Protege,2000,Aquamarine,14006
97,2023-01-21,2022-11-20,Erwin,Mapam,emapam2o@prweb.com,Male,true,0.63,Mazda,Mazda5,2012,Fuscia,15766
98,2022-08-20,2023-05-03,Caresse,Cahey,ccahey2p@wired.com,Polygender,true,0.15,Volkswagen,Scirocco,1985,Purple,19800
99,2022-08-06,2023-02-26,Tedd,Hindrich,thindrich2q@wikispaces.com,Male,false,0.96,Volkswagen,rio,1995,Purple,96596
100,2023-01-10,2023-03-03,Leland,Dolman,ldolman2r@weibo.com,Female,false,0.74,Dodge,D150 Club,1993,Khaki,21485
101,2022-12-14,2022-11-15,Siobhan,Evans,sevans2s@topsy.com,,false,0.97,Volkswagen,Routan,2010,Blue,37428
102,2022-10-13,2023-01-27,Joly,Hagland,jhagland2t@webnode.com,Female,false,0.48,Ford,Ranger,1984,Green,82318
103,2023-01-07,2023-03-14,Suzanna,Howcroft,showcroft2u@eepurl.com,Female,true,0.03,Ford,Explorer Sport Trac,2002,Green,16583
104,2022-09-14,2022-12-01,Amalie,Ensor,aensor2v@nsw.gov.au,Female,false,0.14,Audi,A6,2011,Aquamarine,29850
105,2022-08-14,2023-01-24,Raphael,Allsobrook,rallsobrook2w@weibo.com,Male,false,0.65,Maserati,Quattroporte,2009,Teal,42235
106,2022-07-19,2023-03-19,Joyan,Shird,jshird2x@npr.org,Female,false,0.38,Land Rover,Discovery,2008,Maroon,93671
107,2022-11-22,2023-04-28,Evelin,Hallagan,ehallagan2y@huffingtonpost.com,Male,false,0.29,BMW,545,2005,Indigo,99811
108,2023-02-11,2023-04-14,Roshelle,Bellefant,rbellefant2z@answers.com,Female,true,0.83,Bentley,Continental GTC,2007,Yellow,65043
109,2022-06-25,2023-02-03,Jeth,Mountney,jmountney30@msu.edu,Male,true,0.99,GMC,Vandura 2500,1992,Yellow,93030
110,2023-01-13,2023-01-12,Aguistin,Harms,aharms31@facebook.com,Male,false,0.23,Scion,xA,2005,Violet,64804
111,2022-06-22,2023-04-11,Berkley,Carlton,bcarlton32@nasa.gov,Male,false,0.27,Audi,A3,2006,Crimson,90499
112,2022-09-22,2023-01-23,Anders,Keyzor,akeyzor33@unblog.fr,Male,true,0.05,Ford,Flex,2013,Blue,31925
113,2022-06-15,2023-01-23,Agnella,Reijmers,areijmers34@usnews.com,Female,true,0.74,Mercedes-Benz,SLK-Class,2007,Pink,46055
114,2022-05-27,2023-01-16,Tab,Grievson,tgrievson35@mediafire.com,Male,true,0.88,Mitsubishi,Montero,2000,Pink,72416
115,2022-06-06,2022-12-05,Elsa,Vitall,evitall36@people.com.cn,Female,true,0.46,Chrysler,Crossfire,2007,Crimson,82478
116,2022-06-26,2023-05-07,Trevar,Warters,twarters37@bizjournals.com,Male,false,0.73,Hyundai,Tiburon,2007,Goldenrod,87396
117,2022-07-09,2023-01-04,Michaelina,Labone,mlabone38@nba.com,Female,true,0.15,GMC,Savana 3500,2008,Indigo,18238
118,2023-02-11,2022-11-28,Cyndia,Schubbert,cschubbert39@kickstarter.com,Female,false,0.25,Ford,Thunderbird,1984,Turquoise,76077
119,2022-12-31,2022-11-19,Ben,Soars,bsoars3a@mayoclinic.com,Male,false,0.15,Land Rover,Range Rover,1987,Purple,16946
120,2022-09-01,2023-03-30,Harrietta,Linnitt,hlinnitt3b@intel.com,Female,false,0.55,Kia,Sorento,2006,Puce,64195
121,2022-07-11,2022-11-25,Opaline,Vitte,ovitte3c@usgs.gov,Female,true,0.76,Suzuki,Esteem,2001,Maroon,95864
122,2022-08-04,2023-04-25,Melita,Humburton,mhumburton3d@epa.gov,Female,false,0.4,Ford,E-Series,2009,Puce,18230
123,2023-01-18,2023-01-23,Kissiah,Spelwood,kspelwood3e@wired.com,Female,false,0.64,Volkswagen,Eurovan,2000,Maroon,83950
124,2023-01-14,2022-12-19,Brew,Gentsch,bgentsch3f@nymag.com,Male,true,0.42,Mitsubishi,Chariot,1996,Indigo,85376
125,2022-12-21,2023-02-19,Elfreda,Keeley,ekeeley3g@jalbum.net,Female,true,0.37,Lotus,Esprit,2003,Aquamarine,61762
126,2022-11-01,2023-05-13,Alisun,Stranger,astranger3h@g.co,Female,false,0.68,Pontiac,LeMans,1966,Indigo,94395
127,2022-12-08,2022-11-24,Adelaide,Petru,apetru3i@artisteer.com,Female,false,0.23,Toyota,Sequoia,2008,Teal,95464
128,2022-05-25,2022-12-07,Walton,Bartels,wbartels3j@163.com,Male,false,0.76,Nissan,Frontier,2004,Khaki,74422
129,2022-08-27,2023-05-11,Nancie,Iacobassi,niacobassi3k@forbes.com,Female,true,0.69,Nissan,Xterra,2012,Blue,60805
130,2022-05-27,2023-03-10,Oliy,Pavey,opavey3l@ow.ly,Female,true,0.93,Volvo,S60,2013,Khaki,12458
131,2022-07-05,2023-01-18,Devina,Scriviner,dscriviner3m@drupal.org,Female,false,0.25,Mercury,Sable,2003,Crimson,64227
132,2022-08-13,2023-01-06,Cordey,Harberer,charberer3n@umich.edu,Female,false,0.8,Dodge,Stealth,1993,Indigo,62231
133,2023-02-08,2023-02-17,Mattie,Slaymaker,mslaymaker3o@msn.com,Male,true,0.58,Lexus,LS,2011,Indigo,82419
134,2022-08-07,2023-04-23,Charlene,Leaney,cleaney3p@toplist.cz,Female,true,0.68,Ford,Bronco,1996,Red,97104
135,2022-08-18,2023-04-03,Lief,Kinnear,lkinnear3q@dropbox.com,Male,true,0.86,Chevrolet,Express 3500,2008,Orange,45638
136,2023-01-05,2023-01-11,Harvey,Hawkins,hhawkins3r@gnu.org,Male,true,0.81,Land Rover,Range Rover Sport,2012,Goldenrod,75575
137,2022-09-14,2023-01-08,Wilma,Horry,whorry3s@geocities.com,Female,true,0.74,Nissan,Titan,2006,Khaki,69950
138,2022-05-17,2023-03-11,Pen,Byfield,pbyfield3t@businessweek.com,Polygender,false,0.06,Maserati,430,1989,Khaki,54995
139,2023-01-30,2023-01-02,Alisha,Wych,awych3u@google.com.br,Female,true,0.01,Pontiac,1000,1984,Green,83047
140,2022-05-24,2023-03-15,Sylvester,Olensby,solensby3v@sfgate.com,Male,false,0.93,Mercury,Villager,1993,Orange,80717
141,2022-10-22,2022-12-14,Britteny,Ludlow,bludlow3w@google.fr,Female,true,0.37,Dodge,Viper,2010,Teal,32558
142,2022-11-04,2023-03-21,Burgess,Pavitt,bpavitt3x@typepad.com,Male,false,0.4,Saab,9-5,2008,Indigo,13847
143,2022-05-17,2022-12-13,Borden,Riguard,briguard3y@constantcontact.com,Male,false,0.68,GMC,Savana 3500,2003,Pink,96852
144,2022-08-30,2023-02-06,Bonita,Olley,bolley3z@bbb.org,Female,false,0.6,Saturn,Outlook,2009,Indigo,29966
145,2022-08-04,2023-02-08,Daniele,Regler,dregler40@taobao.com,Female,true,0.86,Volkswagen,Routan,2011,Red,46105
146,2023-01-05,2023-01-01,Marian,Cothey,mcothey41@skyrock.com,,false,0.21,Geo,Tracker,1995,Violet,61852
147,2023-01-13,2022-12-07,Elvyn,Pegden,epegden42@amazon.co.jp,Male,true,0.73,Pontiac,Torrent,2009,Indigo,24544
148,2022-12-10,2022-11-14,Kendal,Bradbeer,kbradbeer43@github.io,Male,false,0.85,Cadillac,Escalade,2011,Mauv,86992
149,2022-05-26,2023-01-23,Pinchas,Bosence,pbosence44@tamu.edu,Genderfluid,true,0.59,Volkswagen,Corrado,1994,Orange,77052
150,2022-08-12,2022-12-03,Noel,Marklew,nmarklew45@noaa.gov,Male,false,0.62,Kia,Soul,2012,Green,53160
151,2022-08-22,2022-12-28,Rhett,Gohn,rgohn46@ehow.com,Male,true,0.38,Chevrolet,Silverado 2500,2010,Aquamarine,24360
152,2022-12-12,2023-01-09,Dona,Blainey,dblainey47@aol.com,Female,false,0.16,Mazda,Tribute,2008,Blue,44420
153,2023-01-31,2022-12-17,Donnie,Kleingrub,dkleingrub48@senate.gov,Female,true,0.38,GMC,Sonoma,1994,Blue,48549
154,2022-05-14,2022-12-27,Lura,McDuall,lmcduall49@army.mil,Agender,true,0.37,Lincoln,Continental Mark VII,1987,Green,70476
155,2022-05-28,2023-02-26,Sashenka,Scudamore,sscudamore4a@japanpost.jp,Female,true,0.15,Pontiac,Sunbird,1985,Indigo,15712
156,2023-01-14,2022-11-24,Eleni,Prine,eprine4b@gizmodo.com,Female,true,0.4,Mazda,B-Series,1990,Fuscia,23346
157,2022-11-08,2022-11-27,Kelvin,Touret,ktouret4c@slideshare.net,,true,0.26,Nissan,Armada,2011,Turquoise,47933
158,2022-06-23,2022-11-21,Leonora,Scrase,lscrase4d@narod.ru,Female,true,0.55,Lincoln,Continental,2000,Crimson,83179
159,2022-05-20,2023-05-03,Cyndia,Bleesing,cbleesing4e@google.pl,,false,0.27,Lincoln,Navigator,2000,Maroon,81621
160,2022-12-02,2023-03-11,Gelya,Lambot,glambot4f@zimbio.com,Female,false,0.33,Dodge,Viper,2001,Blue,56900
161,2022-12-27,2022-12-26,Prue,Morffew,pmorffew4g@t-online.de,Female,false,0.61,Isuzu,Ascender,2007,Blue,97549
162,2022-08-26,2023-04-17,Terencio,Seegar,tseegar4h@mozilla.org,Male,false,0.59,Cadillac,DTS,2010,Goldenrod,45961
163,2022-07-23,2023-03-06,Shem,Ennals,sennals4i@gnu.org,Male,true,0.39,Geo,Metro,1996,Goldenrod,88137
164,2022-11-08,2023-02-14,Ferdie,Clough,fclough4j@ezinearticles.com,Male,true,0.11,Bentley,Azure T,2010,Aquamarine,52706
165,2022-06-10,2023-04-15,Sheryl,Robbe,srobbe4k@ihg.com,Female,false,0.8,Chevrolet,G-Series G10,1993,Turquoise,99293
166,2023-01-21,2023-04-14,Elene,Cicero,ecicero4l@bloglovin.com,Female,false,0.9,Audi,A4,2010,Green,46541
167,2022-08-24,2022-12-02,Gerry,Whitmell,gwhitmell4m@woothemes.com,Female,true,0.69,Toyota,Camry,1992,Crimson,55497
168,2023-02-12,2023-02-08,Yves,Delle,ydelle4n@usda.gov,Male,false,0.24,Chrysler,300M,2004,Blue,69228
169,2022-12-24,2022-12-15,Dionisio,Gorner,dgorner4o@biglobe.ne.jp,Male,true,0.88,Porsche,911,1985,Violet,83152
170,2022-08-20,2022-12-11,Cyndi,Strase,cstrase4p@infoseek.co.jp,Female,true,0.98,Infiniti,I,2004,Orange,36308
171,2023-02-09,2023-01-31,Ruperto,Oluwatoyin,roluwatoyin4q@prlog.org,Male,false,0.83,Acura,RSX,2003,Blue,36480
172,2022-12-29,2023-01-31,Sayres,Inder,sinder4r@blogspot.com,Male,false,0.53,Audi,V8,1992,Aquamarine,97476
173,2022-10-13,2023-04-28,Sarah,Emanueli,semanueli4s@privacy.gov.au,Genderfluid,false,0.9,Honda,Civic,1992,Aquamarine,59347
174,2022-08-07,2022-11-20,Betteann,Puxley,bpuxley4t@washingtonpost.com,Female,true,0.32,Pontiac,Fiero,1987,Blue,13238
175,2022-12-08,2023-04-22,Raina,Philippe,rphilippe4u@state.gov,Female,true,0.67,Pontiac,Grand Prix,1977,Fuscia,59435
176,2022-08-11,2022-12-29,Odetta,Tyer,otyer4v@microsoft.com,Female,false,0.2,GMC,2500,1997,Mauv,58625
177,2022-06-21,2023-01-27,Cele,Godwin,cgodwin4w@meetup.com,Female,false,0.1,Lamborghini,Murciélago,2005,Pink,76238
178,2022-06-06,2023-03-01,Dara,Marquese,dmarquese4x@samsung.com,Female,false,0.18,Pontiac,Grand Am,1990,Orange,58192
179,2022-09-28,2023-02-24,Nate,Giannazzo,ngiannazzo4y@wunderground.com,Polygender,false,0.18,Plymouth,Voyager,1997,Aquamarine,83831
180,2023-01-11,2022-12-02,Jeffrey,Gauden,jgauden4z@hao123.com,Male,true,0.19,Toyota,Prius,2010,Green,39870
181,2022-10-14,2023-04-07,Jess,Mariyushkin,jmariyushkin50@cnn.com,Female,false,0.92,Audi,Quattro,1993,Violet,26987
182,2022-06-21,2023-03-20,Katya,Stennes,kstennes51@google.co.uk,,false,0.39,Mitsubishi,Lancer Evolution,2004,Pink,35052
183,2022-09-21,2023-02-26,Tucker,Moggie,tmoggie52@ftc.gov,Male,true,0.75,Subaru,Justy,1992,Yellow,89058
184,2022-08-19,2023-02-04,Payton,Daintree,pdaintree53@jigsy.com,Male,false,0.98,Hyundai,Sonata,2007,Purple,10636
185,2022-12-14,2023-03-22,Melita,Skillanders,mskillanders54@chron.com,Polygender,true,0.36,Nissan,Frontier,2010,Khaki,91760
186,2022-09-19,2023-02-03,Tan,Dymick,tdymick55@netvibes.com,Male,false,0.95,Chevrolet,S10 Blazer,1992,Pink,10145
187,2022-07-08,2022-12-26,Veriee,Kunc,vkunc56@tinypic.com,Female,false,0.08,Subaru,Alcyone SVX,1994,Aquamarine,53389
188,2022-08-11,2022-12-05,Neils,Casol,ncasol57@usa.gov,Male,true,0.13,Jeep,Wrangler,2000,Maroon,36416
189,2023-02-06,2022-12-09,Gilli,Krammer,gkrammer58@army.mil,Female,false,0.0,Lexus,LS,1998,Khaki,89466
190,2022-10-17,2023-04-27,Bjorn,Lasseter,blasseter59@ocn.ne.jp,Polygender,true,0.51,Mitsubishi,Starion,1985,Puce,82139
191,2022-07-05,2023-05-04,Moll,Aleksandrov,maleksandrov5a@opensource.org,Female,false,0.37,Mazda,MPV,1993,Khaki,35808
192,2022-12-07,2023-04-30,Ariadne,Gronou,agronou5b@so-net.ne.jp,Female,true,0.04,Chevrolet,Avalanche,2006,Puce,88047
193,2022-08-13,2023-02-18,Glenn,Alesin,galesin5c@nba.com,Male,true,0.96,GMC,Yukon XL 1500,2006,Aquamarine,37198
194,2022-12-09,2023-03-04,Kellen,Scoles,kscoles5d@deviantart.com,Female,true,0.37,Mercedes-Benz,400E,1993,Indigo,87317
195,2022-10-16,2022-12-29,Viola,Cornew,vcornew5e@altervista.org,Female,false,0.85,Hyundai,Azera,2009,Indigo,76566
196,2022-06-15,2023-04-23,Anne,Bendixen,abendixen5f@shop-pro.jp,Female,false,0.17,Mitsubishi,GTO,1992,Maroon,22498
197,2022-06-04,2023-02-27,Haley,Singleton,hsingleton5g@admin.ch,Male,false,0.47,Lexus,LX,1999,Crimson,45494
198,2022-07-22,2022-12-14,Penelope,Beare,pbeare5h@free.fr,Female,true,0.64,Ford,Flex,2009,Orange,86591
199,2022-09-18,2023-03-17,Andrus,Fawthrop,afawthrop5i@ebay.com,Male,true,0.6,Hyundai,Santa Fe,2010,Turquoise,58488
200,2023-02-03,2023-03-09,Drusie,Visick,dvisick5j@clickbank.net,Female,false,0.34,Mazda,Protege,1993,Red,46518
201,2022-11-24,2023-03-10,Catarina,Maunder,cmaunder5k@tamu.edu,Female,false,0.7,Toyota,Camry Hybrid,2010,Puce,60854
202,2023-01-10,2023-03-20,Ray,Mayze,rmayze5l@is.gd,Female,false,0.15,Lexus,GX,2012,Purple,94774
203,2022-06-03,2022-11-22,Leland,Gipps,lgipps5m@csmonitor.com,Male,true,0.09,Ford,Explorer Sport Trac,2001,Orange,78401
204,2022-08-09,2022-12-29,Sofie,Rhule,srhule5n@upenn.edu,,true,0.04,Nissan,300ZX,1993,Crimson,20295
205,2022-10-12,2023-02-12,Lanni,Accum,laccum5o@artisteer.com,Female,false,0.65,Isuzu,Hombre,1997,Goldenrod,15648
206,2022-07-28,2022-11-16,Wilt,Soffe,wsoffe5p@squidoo.com,Male,false,0.63,Dodge,Shadow,1993,Puce,62877
207,2022-10-13,2022-11-19,Millicent,Janway,mjanway5q@networksolutions.com,Female,false,0.91,Chevrolet,Express 1500,2007,Indigo,42859
208,2023-01-21,2023-03-28,Moises,Sambeck,msambeck5r@disqus.com,Male,false,0.67,Pontiac,Firebird,1984,Puce,15810
209,2022-10-27,2023-03-01,Debor,Boame,dboame5s@illinois.edu,Female,true,0.03,Jeep,Wrangler,1997,Teal,71563
210,2022-08-14,2023-01-06,Ruprecht,Woonton,rwoonton5t@multiply.com,Male,true,0.29,Acura,NSX,2004,Orange,51513
211,2022-05-14,2023-03-20,Ailis,Hutson,ahutson5u@is.gd,Agender,false,0.8,Dodge,Dakota Club,1998,Green,62923
212,2022-09-20,2023-04-19,Calhoun,Coard,ccoard5v@usa.gov,Male,false,0.59,Ford,Aspire,1994,Orange,91738
213,2022-10-21,2023-05-05,Marilyn,Tremollet,mtremollet5w@etsy.com,Female,true,0.37,Ford,Thunderbird,1985,Orange,39816
214,2022-07-14,2022-11-26,Kirstyn,Camis,kcamis5x@e-recht24.de,Female,false,0.02,Hyundai,Sonata,2010,Orange,45691
215,2022-06-04,2023-04-28,Gussi,Schulke,gschulke5y@wiley.com,Agender,false,0.81,Mazda,Miata MX-5,2011,Goldenrod,57329
216,2022-07-04,2023-03-03,Tonia,Grunwald,tgrunwald5z@si.edu,Female,true,0.29,Pontiac,Grand Am,1999,Pink,21717
217,2022-10-12,2023-03-23,Daveta,Franz,dfranz60@upenn.edu,Polygender,false,0.44,Audi,90,1988,Turquoise,36928
218,2022-06-08,2023-04-13,Devan,Fullstone,dfullstone61@shinystat.com,Polygender,false,0.94,Pontiac,Parisienne,1985,Maroon,50212
219,2022-10-28,2023-01-01,Delbert,Symes,dsymes62@is.gd,Male,true,0.81,Infiniti,G37,2008,Khaki,71256
220,2022-12-05,2023-02-13,Adolf,Barniss,abarniss63@rediff.com,Male,false,0.73,Daewoo,Leganza,2002,Fuscia,96627
221,2022-08-19,2023-02-03,Paolina,Kinnaird,pkinnaird64@vimeo.com,Female,false,0.88,Chevrolet,TrailBlazer,2007,Puce,76772
222,2022-12-06,2023-03-11,Annadiane,Wines,awines65@domainmarket.com,Female,false,0.03,Ferrari,612 Scaglietti,2010,Orange,98384
223,2022-06-12,2023-05-09,Gabey,Zellner,gzellner66@princeton.edu,Polygender,true,0.79,Suzuki,Sidekick,1996,Fuscia,53618
224,2022-09-10,2023-01-03,Corly,Colnet,ccolnet67@purevolume.com,Female,true,0.88,Mercury,Grand Marquis,1994,Orange,71674
225,2023-01-02,2023-04-29,Tyrus,Eskrigge,teskrigge68@state.gov,Male,true,0.32,Volkswagen,Golf,1985,Purple,98919
226,2022-12-24,2022-11-24,Ailey,Leith-Harvey,aleithharvey69@sciencedirect.com,Female,true,0.34,Toyota,Tacoma,2008,Yellow,43422
227,2022-08-18,2022-12-13,Tommie,Toffanini,ttoffanini6a@weibo.com,Male,true,0.77,Scion,xD,2009,Fuscia,30417
228,2023-01-26,2022-12-02,Roldan,Nickell,rnickell6b@newyorker.com,Male,true,0.12,Ford,E150,2009,Violet,99122
229,2022-12-29,2023-04-29,Valentina,Girkins,vgirkins6c@usgs.gov,Female,true,0.34,Chevrolet,Silverado 1500,2012,Yellow,92927
230,2022-05-22,2023-04-06,Tybi,Badrick,tbadrick6d@quantcast.com,Female,true,0.49,BMW,M5,1992,Red,68335
231,2022-09-09,2023-02-28,Abeu,Sheering,asheering6e@imageshack.us,Male,true,0.98,Buick,Riviera,1991,Teal,22096
232,2022-08-19,2022-12-28,Kellen,De Bruyne,kdebruyne6f@zimbio.com,Female,true,0.89,Cadillac,Seville,2002,Maroon,32103
233,2022-11-12,2022-11-18,Agna,Tine,atine6g@google.es,Female,false,0.11,Infiniti,I,2002,Violet,20870
234,2022-12-22,2023-04-10,Gibby,Conelly,gconelly6h@hugedomains.com,Male,true,0.77,Nissan,Quest,2012,Mauv,97423
235,2022-06-03,2023-01-28,Glori,Everingham,geveringham6i@vimeo.com,Female,true,0.58,Toyota,Echo,2000,Khaki,72560
236,2022-10-26,2023-01-06,Armin,Ick,aick6j@unblog.fr,Male,true,0.1,Chrysler,Sebring,1997,Pink,45404
237,2022-07-30,2023-02-14,Auguste,Raggett,araggett6k@blogspot.com,Female,true,0.23,BMW,3 Series,1994,Blue,36763
238,2022-10-19,2022-12-16,Augustine,Edwardson,aedwardson6l@wikispaces.com,Female,true,0.83,Lexus,LX,2008,Maroon,21788
239,2022-12-17,2023-01-07,Manny,Longhorn,mlonghorn6m@google.com.br,Male,true,0.9,Pontiac,Grand Prix,1997,Mauv,82148
240,2022-08-02,2023-04-22,Felicdad,Stealfox,fstealfox6n@tripadvisor.com,Female,true,0.4,Acura,TSX,2011,Maroon,14279
241,2023-01-22,2023-04-14,Morty,Mounsey,mmounsey6o@house.gov,Male,false,0.07,Suzuki,SX4,2008,Turquoise,21860
242,2022-06-07,2023-03-08,Harvey,Batalini,hbatalini6p@chron.com,Agender,true,0.01,Chrysler,Concorde,1996,Green,28945
243,2022-10-15,2023-01-25,Priscella,Lotterington,plotterington6q@walmart.com,Female,true,0.58,Mercedes-Benz,S-Class,1998,Puce,40555
244,2023-01-27,2023-01-03,Charmine,Valentino,cvalentino6r@free.fr,Female,true,0.06,Volvo,S40,2000,Mauv,89155
245,2022-05-19,2023-03-28,Husain,Dignum,hdignum6s@paypal.com,Male,true,0.47,Mercury,Mountaineer,2001,Indigo,74194
246,2022-08-18,2023-02-03,Maridel,Porch,mporch6t@nsw.gov.au,Female,false,0.47,Suzuki,Esteem,2001,Khaki,13207
247,2022-09-13,2023-03-21,Barty,Wickenden,bwickenden6u@wired.com,Male,false,0.4,GMC,Envoy XL,2003,Crimson,26925
248,2023-02-01,2023-05-06,Carey,Kadwallider,ckadwallider6v@facebook.com,Male,true,0.48,Dodge,Ram 1500 Club,2000,Khaki,63361
249,2022-08-10,2023-04-22,Lazaro,Billie,lbillie6w@geocities.jp,,false,0.45,Chevrolet,Colorado,2004,Violet,85587
250,2022-08-25,2022-12-18,Yorke,Origin,yorigin6x@miibeian.gov.cn,Agender,true,0.7,Chrysler,Concorde,1995,Pink,13563
251,2022-12-19,2023-03-22,Hayley,Tett,htett6y@state.gov,Genderfluid,true,0.93,Dodge,Ram Van 1500,2000,Red,46408
252,2022-06-13,2023-01-21,Lilllie,Lebourn,llebourn6z@blogtalkradio.com,Female,false,0.6,Mercury,Sable,2001,Teal,88411
253,2023-01-09,2023-05-08,Arch,Ambroisin,aambroisin70@fema.gov,Male,false,0.92,Toyota,Corolla,2004,Blue,24695
254,2022-10-23,2023-05-12,Malinde,McCormick,mmccormick71@aboutads.info,Female,false,0.61,Hyundai,Elantra,1995,Puce,39204
255,2023-01-20,2023-04-27,Babbette,Idell,bidell72@github.com,Female,true,0.12,Isuzu,Axiom,2003,Purple,87653
256,2022-10-13,2023-04-19,Darsey,Sellick,dsellick73@csmonitor.com,Female,false,0.61,Honda,Element,2011,Orange,98719
257,2022-06-23,2022-11-30,Terence,Scamerden,tscamerden74@tiny.cc,Male,false,0.18,BMW,530,2003,Blue,25227
258,2022-05-21,2023-02-03,Conant,Jeyness,cjeyness75@independent.co.uk,Male,false,0.47,Toyota,TundraMax,2009,Fuscia,37023
259,2022-07-20,2023-01-14,Lorri,Bennett,lbennett76@state.gov,Female,true,0.18,Lexus,GS,2009,Violet,80436
260,2022-09-06,2022-12-01,Alec,Redhead,aredhead77@google.pl,Male,false,0.76,Jaguar,XF,2011,Goldenrod,93898
261,2022-09-08,2023-03-28,Sawyer,Oldmeadow,soldmeadow78@guardian.co.uk,Male,false,0.77,Pontiac,Sunbird,1987,Red,63839
262,2022-08-03,2022-12-01,Marne,Jefferson,mjefferson79@ox.ac.uk,Female,false,0.54,Chevrolet,Avalanche 2500,2005,Violet,34801
263,2022-12-06,2022-12-26,Herold,Letterick,hletterick7a@ca.gov,Male,true,0.83,Dodge,Ram Van 1500,2000,Goldenrod,42292
264,2023-01-25,2023-04-04,Guillermo,Biset,gbiset7b@apple.com,Male,false,0.9,Volvo,C30,2011,Puce,63452
265,2022-06-17,2022-11-27,Olwen,Terbrugge,oterbrugge7c@dell.com,,false,0.28,Mercedes-Benz,300CE,1992,Aquamarine,80051
266,2022-07-07,2023-02-18,Dru,Elderkin,delderkin7d@wired.com,Female,false,0.14,Ferrari,FF,2012,Puce,79658
267,2022-08-23,2022-12-17,Alden,Tasseler,atasseler7e@canalblog.com,Male,true,0.07,Honda,Prelude,2001,Maroon,32042
268,2022-08-21,2023-02-14,Bjorn,Dreelan,bdreelan7f@ehow.com,Male,false,0.13,Subaru,Tribeca,2012,Maroon,20877
269,2022-12-10,2023-01-28,Steve,Hagston,shagston7g@yahoo.com,Male,false,0.38,Toyota,Solara,2004,Violet,18038
270,2022-12-26,2022-12-11,Trevar,Verbrugge,tverbrugge7h@pcworld.com,Male,false,0.93,GMC,Sierra 2500,2001,Mauv,44449
271,2022-09-23,2023-04-16,Butch,Laxen,blaxen7i@archive.org,Male,true,0.95,Mitsubishi,Chariot,1992,Fuscia,89177
272,2022-08-20,2022-12-31,Marian,Tinsley,mtinsley7j@behance.net,Female,false,0.07,Ford,Fusion,2006,Pink,93583
273,2022-10-14,2022-12-15,Ethelyn,Van Saltsberg,evansaltsberg7k@utexas.edu,Female,true,0.72,Chrysler,Pacifica,2005,Goldenrod,99867
274,2023-02-02,2023-03-11,Jemie,Goldberg,jgoldberg7l@blogspot.com,Female,true,0.39,Audi,S8,2007,Crimson,47004
275,2023-01-26,2023-04-23,Aldo,Devonish,adevonish7m@networkadvertising.org,Male,true,0.15,Chevrolet,Silverado,1999,Goldenrod,45545
276,2022-11-14,2023-03-05,Jacob,Claringbold,jclaringbold7n@naver.com,Male,false,0.11,Chevrolet,S10,2003,Turquoise,12768
277,2022-08-20,2022-12-16,Demott,Wallentin,dwallentin7o@istockphoto.com,Male,true,0.74,Chevrolet,Express 2500,1996,Yellow,88431
278,2022-05-27,2022-12-15,Carilyn,Giannassi,cgiannassi7p@privacy.gov.au,Female,false,0.78,Volkswagen,Type 2,1985,Turquoise,10297
279,2022-12-28,2023-05-09,Edouard,Le Galle,elegalle7q@clickbank.net,Male,true,0.19,Chevrolet,Camaro,1993,Turquoise,63967
280,2023-02-12,2022-11-30,Morganica,Okill,mokill7r@imageshack.us,Genderfluid,false,0.48,Porsche,Cayenne,2010,Violet,82213
281,2022-07-16,2022-11-20,Gradey,Baynham,gbaynham7s@live.com,Male,false,0.55,Chevrolet,Astro,1998,Turquoise,31802
282,2022-10-06,2023-01-11,Arin,Giannini,agiannini7t@tinypic.com,Male,false,0.67,GMC,Vandura 2500,1994,Purple,73104
283,2022-10-21,2022-11-25,Tamarra,Renvoise,trenvoise7u@boston.com,Female,true,0.83,Pontiac,Sunfire,2000,Violet,11449
284,2023-01-25,2023-05-04,Valeria,Giggs,vgiggs7v@cpanel.net,Female,false,0.4,Mazda,RX-7,1995,Blue,66736
285,2022-05-30,2022-12-23,Lavina,Nellis,lnellis7w@blinklist.com,Female,true,0.44,Mazda,Familia,1988,Orange,13314
286,2022-10-10,2023-03-12,Wilbert,Eastwell,weastwell7x@xinhuanet.com,Male,false,0.16,Ford,Escort,1999,Orange,67019
287,2022-08-31,2023-04-18,Humfried,Maving,hmaving7y@fastcompany.com,Male,true,0.45,Ford,Club Wagon,1992,Fuscia,27980
288,2022-05-19,2023-01-29,Pacorro,Limrick,plimrick7z@japanpost.jp,Male,false,0.26,Dodge,Ram Wagon B150,1994,Puce,51065
289,2022-12-02,2023-04-11,Carmina,Elwood,celwood80@abc.net.au,Genderfluid,true,0.41,Volkswagen,Jetta,1997,Goldenrod,31413
290,2023-01-24,2023-05-08,Ediva,Baly,ebaly81@theglobeandmail.com,Female,true,0.43,Buick,Rainier,2005,Green,67065
291,2022-08-21,2023-03-29,Cristian,Ionnidis,cionnidis82@nasa.gov,Male,true,0.65,Suzuki,SX4,2011,Pink,24563
292,2022-08-10,2023-01-10,Jeniece,Overlow,joverlow83@techcrunch.com,Polygender,false,0.62,Volvo,XC70,2008,Khaki,17074
293,2022-08-03,2023-02-13,Frank,Starford,fstarford84@washington.edu,Female,true,0.74,Ford,Edge,2008,Green,90696
294,2022-11-08,2023-01-06,Bibby,Purser,bpurser85@howstuffworks.com,,true,0.08,Infiniti,I,2002,Puce,46017
295,2022-06-15,2022-12-07,Ursola,Adamthwaite,uadamthwaite86@archive.org,Female,true,0.79,Chevrolet,Blazer,2002,Turquoise,48435
296,2022-08-30,2023-04-18,Harrison,Mowett,hmowett87@ibm.com,Male,false,0.57,Hyundai,XG350,2004,Teal,93859
297,2023-01-26,2023-01-25,Harlin,Grundell,hgrundell88@vimeo.com,Male,false,0.05,Chevrolet,Camaro,1977,Aquamarine,29855
298,2022-08-19,2022-12-22,Raye,Ashtonhurst,rashtonhurst89@adobe.com,Female,false,0.34,Kia,Sportage,2001,Aquamarine,56140
299,2022-12-25,2023-01-17,Rubin,Mendez,rmendez8a@tuttocitta.it,Male,false,0.37,Mazda,MX-3,1996,Yellow,80390
300,2022-09-16,2023-03-11,Darnell,Youde,dyoude8b@mayoclinic.com,Male,false,0.85,Buick,Riviera,1991,Orange,94983
301,2022-07-31,2023-01-16,Liam,Kyneton,lkyneton8c@google.pl,Male,false,0.5,Dodge,Dakota,2011,Pink,88536
302,2022-07-29,2023-01-20,Ferguson,Brockie,fbrockie8d@netscape.com,Male,true,0.11,Ford,Th!nk,2002,Violet,26247
303,2023-02-08,2022-12-24,Margarethe,Le Galle,mlegalle8e@comcast.net,Female,true,0.43,Maybach,62,2010,Pink,16503
304,2022-06-21,2022-12-31,Dominga,Yakubovics,dyakubovics8f@ocn.ne.jp,Female,true,0.01,Toyota,TundraMax,2009,Crimson,43365
305,2022-08-05,2023-02-28,Jedediah,Blois,jblois8g@miitbeian.gov.cn,Male,false,0.64,Pontiac,6000,1986,Aquamarine,93643
306,2022-09-02,2023-01-03,Immanuel,Karpfen,ikarpfen8h@quantcast.com,Male,true,0.88,Oldsmobile,Silhouette,2003,Turquoise,17960
307,2022-06-13,2023-01-30,Edyth,Bathersby,ebathersby8i@i2i.jp,Female,false,0.92,Ford,F450,2011,Purple,72740
308,2022-09-20,2023-02-07,Christophorus,Watkiss,cwatkiss8j@booking.com,Male,true,0.9,Ford,Mustang,1997,Aquamarine,88720
309,2022-07-15,2022-12-23,Howie,Francescuzzi,hfrancescuzzi8k@friendfeed.com,,true,0.26,Chevrolet,Lumina,1997,Orange,24429
310,2022-05-20,2023-02-24,Hieronymus,Davion,hdavion8l@pen.io,Male,true,0.89,Pontiac,Montana,2005,Mauv,84749
311,2022-08-10,2023-02-10,Meridith,Pietsma,mpietsma8m@drupal.org,Genderqueer,true,0.2,Buick,Regal,1993,Blue,84058
312,2022-10-28,2023-02-15,Colan,Kitchingman,ckitchingman8n@amazon.com,Male,true,0.59,Mazda,MX-3,1995,Red,90363
313,2022-07-15,2023-01-05,Patrizius,Poetz,ppoetz8o@wunderground.com,Male,true,0.0,Toyota,Prius Plug-in Hybrid,2012,Yellow,80965
314,2022-11-05,2022-12-07,Judye,Reide,jreide8p@go.com,Female,false,0.9,Mercury,Grand Marquis,1986,Goldenrod,53553
315,2022-11-18,2023-01-11,Tessie,Wanka,twanka8q@com.com,Female,false,0.87,Pontiac,Bonneville,1985,Teal,30163
316,2022-06-05,2023-04-13,Maxine,Lorenzini,mlorenzini8r@google.com.br,Female,true,0.16,Isuzu,Rodeo Sport,2001,Aquamarine,48630
317,2022-11-30,2022-11-18,Yehudit,Summerson,ysummerson8s@skype.com,Male,true,0.28,Mazda,MX-5,1997,Indigo,76912
318,2022-11-15,2023-02-13,Joyan,Gammill,jgammill8t@over-blog.com,Female,false,0.62,Chrysler,LHS,1997,Maroon,14772
319,2022-07-08,2023-03-18,Philbert,Glisenan,pglisenan8u@webmd.com,Male,true,0.08,Ford,LTD Crown Victoria,1986,Maroon,88817
320,2022-06-16,2023-01-22,Stephine,Piggins,spiggins8v@mayoclinic.com,Female,false,0.81,Lamborghini,Gallardo,2007,Khaki,67752
321,2022-09-06,2023-01-27,Verina,Teare,vteare8w@nps.gov,Female,false,0.53,Toyota,Highlander,2001,Khaki,69197
322,2022-10-10,2023-02-08,Avery,Grisbrook,agrisbrook8x@opera.com,Male,true,0.33,Porsche,944,1988,Purple,66734
323,2022-08-22,2023-05-11,Valida,Deboo,vdeboo8y@adobe.com,Female,true,0.85,Ford,Escort,2000,Green,27640
324,2022-06-25,2023-03-27,Meyer,Iddins,middins8z@youku.com,Male,false,0.43,Dodge,D250 Club,1992,Purple,75656
325,2022-05-18,2022-11-16,Dianne,Glasscoe,dglasscoe90@google.pl,Female,false,0.08,Mercury,Sable,1994,Goldenrod,96742
326,2022-11-13,2022-12-14,Bartolemo,Dring,bdring91@google.de,Male,false,0.36,Audi,Quattro,1994,Maroon,51074
327,2022-12-18,2023-03-08,Jacklyn,McDonald,jmcdonald92@bloglines.com,Female,true,0.64,Volkswagen,Fox,1989,Indigo,59456
328,2023-02-03,2023-05-03,Jeanie,Cavie,jcavie93@xrea.com,Bigender,false,0.66,Lotus,Elise,2009,Aquamarine,76085
329,2022-11-21,2022-12-10,Gwenette,Ebbotts,gebbotts94@google.it,Bigender,false,0.39,Mazda,RX-8,2011,Orange,48413
330,2022-11-29,2023-04-01,Kayne,Noakes,knoakes95@blogtalkradio.com,Male,true,0.76,BMW,M6,2008,Red,84996
331,2022-05-17,2023-02-19,Flynn,Hinksen,fhinksen96@nhs.uk,Male,false,0.69,Acura,NSX,2002,Fuscia,77897
332,2022-07-15,2023-03-31,Barney,Ethersey,bethersey97@sogou.com,Male,true,0.43,Chevrolet,Monte Carlo,1973,Orange,57698
333,2022-10-12,2023-05-07,Georgeanne,Koeppke,gkoeppke98@aol.com,Female,true,0.58,Chevrolet,Suburban 1500,2012,Fuscia,15247
334,2022-07-09,2023-03-06,Tirrell,Vickors,tvickors99@tinypic.com,Male,true,0.35,Subaru,Alcyone SVX,1997,Green,67660
335,2022-08-14,2023-05-11,Alfredo,Windrus,awindrus9a@addthis.com,Male,true,0.35,Subaru,B9 Tribeca,2007,Yellow,21762
336,2022-10-06,2023-02-24,Rayna,Lebourn,rlebourn9b@tinyurl.com,Female,false,0.75,Ford,E-Series,2010,Crimson,26334
337,2022-06-26,2023-04-30,Wat,Brumfitt,wbrumfitt9c@github.io,Male,true,0.61,Chevrolet,Corvette,2000,Mauv,90254
338,2022-06-09,2022-11-23,Nonnah,Rillatt,nrillatt9d@wordpress.org,Female,false,0.98,Chevrolet,Silverado 1500,2011,Yellow,34967
339,2022-10-08,2022-12-21,Eula,Bake,ebake9e@bloglines.com,Female,false,0.25,Lexus,LX,2011,Teal,95574
340,2022-11-09,2023-02-16,Clerkclaude,Kull,ckull9f@php.net,Male,false,0.08,Ford,Mustang,1965,Fuscia,59114
341,2022-06-09,2023-04-30,Aldus,Chucks,achucks9g@fda.gov,Male,true,0.71,Mercedes-Benz,M-Class,2012,Red,78451
342,2022-07-06,2023-03-08,Irv,Juanico,ijuanico9h@pinterest.com,Male,true,0.97,Ford,Excursion,2003,Goldenrod,48566
343,2022-12-10,2022-12-07,Korney,Sawney,ksawney9i@sohu.com,Female,true,0.22,Ford,Laser,1985,Maroon,61223
344,2022-11-12,2022-11-14,Cesar,Clemintoni,cclemintoni9j@wsj.com,Male,true,0.36,Mazda,MX-5,1994,Green,72929
345,2022-07-18,2023-01-02,Jesse,Hastewell,jhastewell9k@blog.com,Male,false,0.4,Citroën,CX,1989,Puce,38743
346,2022-08-05,2023-01-29,Reina,Lathwell,rlathwell9l@nih.gov,Female,false,0.91,Dodge,Neon,1996,Crimson,73454
347,2022-10-01,2023-02-09,Frederique,Brettoner,fbrettoner9m@techcrunch.com,Female,false,0.29,Volkswagen,Scirocco,1984,Yellow,84021
348,2023-02-01,2023-05-10,Theodor,Wildish,twildish9n@comsenz.com,Male,false,0.88,Plymouth,Grand Voyager,1997,Red,94540
349,2022-10-07,2023-03-14,Corbie,Kilborn,ckilborn9o@hhs.gov,Male,false,0.87,Ford,E-Series,2011,Teal,56634
350,2022-12-16,2023-04-22,Derk,Brister,dbrister9p@weather.com,Male,true,0.58,Mercury,Sable,2004,Puce,57758
351,2022-09-29,2022-11-22,Pryce,Radsdale,pradsdale9q@oakley.com,Polygender,false,0.56,Ford,Escort ZX2,2003,Aquamarine,76762
352,2022-08-19,2023-04-27,Alexei,Cathrae,acathrae9r@typepad.com,Male,true,0.79,Chrysler,Town & Country,1997,Violet,15702
353,2022-09-23,2022-12-06,Corey,McGruar,cmcgruar9s@scientificamerican.com,,true,0.61,Mercury,Cougar,1984,Yellow,88107
354,2022-07-07,2022-12-08,Floris,Jumonet,fjumonet9t@auda.org.au,Female,false,0.58,Ford,Bronco,1994,Blue,34873
355,2023-02-07,2022-12-17,Jabez,Sancho,jsancho9u@msu.edu,Polygender,true,0.93,Toyota,4Runner,1997,Fuscia,79014
356,2022-08-04,2023-01-14,Sinclair,Cousans,scousans9v@techcrunch.com,Male,true,0.57,Toyota,Avalon,2001,Maroon,23664
357,2022-09-28,2023-01-15,Had,Domenichini,hdomenichini9w@yellowpages.com,,true,0.31,Mazda,B-Series,1989,Puce,97271
358,2022-11-28,2022-11-26,Leanna,Losseljong,llosseljong9x@ifeng.com,Female,true,0.71,GMC,Yukon,1992,Maroon,58787
359,2022-06-27,2022-11-27,Ebony,Mashro,emashro9y@google.ru,Non-binary,false,0.6,Mitsubishi,Tredia,1987,Blue,96466
360,2022-08-17,2023-04-07,Lev,Stockford,lstockford9z@independent.co.uk,Male,false,0.94,Pontiac,Bonneville,2003,Puce,63575
361,2022-09-18,2023-03-08,Hazel,Coram,hcorama0@usgs.gov,Female,false,0.74,Nissan,Xterra,2008,Crimson,32940
362,2022-09-08,2023-04-10,Wernher,Fluger,wflugera1@w3.org,Male,true,0.61,Chevrolet,G-Series G10,1992,Turquoise,92453
363,2022-07-16,2023-04-05,Cordie,Titterrell,ctitterrella2@scribd.com,Female,true,0.56,Buick,Skyhawk,1984,Aquamarine,50593
364,2022-09-26,2023-01-04,Roderich,Tolan,rtolana3@discovery.com,Male,false,0.6,Ford,E250,2005,Pink,72730
365,2022-10-31,2023-01-17,Zedekiah,Gwyer,zgwyera4@51.la,Male,false,0.02,Chevrolet,Express 3500,2010,Red,18308
366,2023-01-13,2023-02-04,Anneliese,Waller-Bridge,awallerbridgea5@prlog.org,Female,false,0.58,Acura,TL,2001,Maroon,54205
367,2022-10-30,2023-01-17,Stefania,Edgler,sedglera6@home.pl,Female,true,0.3,Chevrolet,Lumina APV,1993,Indigo,45762
368,2022-12-08,2023-03-24,Pembroke,Panther,ppanthera7@1688.com,Male,true,0.29,Mazda,929,1995,Puce,86789
369,2022-07-29,2023-01-16,Zahara,Habens,zhabensa8@gizmodo.com,Female,false,0.43,Ford,Excursion,2005,Turquoise,82169
370,2022-09-14,2022-12-22,Demetria,Stivers,dstiversa9@tiny.cc,Female,true,0.37,Dodge,Ram Van 2500,1997,Fuscia,47594
371,2022-12-07,2023-02-04,Wolfy,Knighton,wknightonaa@census.gov,Male,false,0.5,Chevrolet,Corvette,2010,Yellow,97633
372,2022-09-07,2023-03-30,Ossie,Tindall,otindallab@un.org,Male,false,0.05,Mitsubishi,Mighty Max Macro,1994,Yellow,32853
373,2022-06-15,2023-03-28,Clem,Fontanet,cfontanetac@wunderground.com,Male,false,0.45,Jaguar,XJ,2006,Yellow,28214
374,2022-09-04,2023-04-07,Berkley,Gaspar,bgasparad@twitpic.com,Non-binary,true,0.57,Pontiac,G5,2009,Fuscia,41207
375,2022-11-02,2023-01-14,Ripley,D'Emanuele,rdemanueleae@tripod.com,Male,true,0.43,Lincoln,Continental,1984,Yellow,65720
376,2022-09-29,2023-02-05,Modesty,La Croce,mlacroceaf@altervista.org,Female,true,0.45,Subaru,Outback,2008,Puce,66520
377,2022-10-08,2023-02-21,Vaclav,Finnimore,vfinnimoreag@jigsy.com,Male,false,0.13,Lexus,RX Hybrid,2011,Red,27834
378,2022-05-19,2023-04-14,Jaime,Luckey,jluckeyah@usa.gov,Male,true,0.26,Volkswagen,Golf,2012,Turquoise,80510
379,2022-08-21,2022-12-25,Keir,Wogan,kwoganai@berkeley.edu,Male,true,0.39,Lexus,LS,2011,Green,26446
380,2022-08-04,2023-05-05,Neddy,Czaja,nczajaaj@posterous.com,Polygender,false,0.1,Chevrolet,Suburban 1500,1998,Indigo,35071
381,2022-10-04,2023-05-03,Roley,Tupp,rtuppak@xrea.com,Male,false,0.37,Infiniti,IPL G,2011,Teal,26155
382,2022-05-20,2023-01-13,Melita,Davidzon,mdavidzonal@google.it,,true,0.97,Jaguar,XJ Series,1994,Crimson,87292
383,2022-12-02,2023-05-13,Jo ann,Twelvetree,jtwelvetreeam@zdnet.com,Female,false,0.45,Pontiac,Firebird,1984,Purple,33159
384,2022-07-28,2023-01-15,Dalia,Smethurst,dsmethurstan@blogger.com,,true,0.7,Chrysler,Sebring,2002,Khaki,43697
385,2022-09-29,2023-02-04,Mohandis,Gutsell,mgutsellao@csmonitor.com,Male,false,0.68,Chevrolet,Express 2500,2001,Mauv,95985
386,2022-07-01,2022-12-08,Stoddard,Mordey,smordeyap@engadget.com,Female,false,0.4,Buick,Regal,1998,Purple,93412
387,2022-10-02,2023-02-23,Jaclin,Le Monnier,jlemonnieraq@histats.com,Female,false,0.8,Mercury,Lynx,1987,Turquoise,79522
388,2023-01-12,2023-02-15,Lyn,Dewes,ldewesar@typepad.com,Female,false,0.91,Ford,Festiva,1989,Maroon,33064
389,2022-12-29,2023-01-31,Kailey,Archambault,karchambaultas@nymag.com,Female,true,0.31,Nissan,240SX,1992,Indigo,23834
390,2022-08-23,2022-12-21,Garvin,Glidder,gglidderat@skyrock.com,Male,false,0.8,Plymouth,Grand Voyager,1998,Orange,64080
391,2023-01-18,2023-02-11,Vinny,Ogilvie,vogilvieau@nymag.com,Female,true,0.85,Ford,Ranger,1993,Yellow,27722
392,2022-12-27,2023-03-07,Constantin,Gilliatt,cgilliattav@netscape.com,Male,false,0.07,Lexus,ES,1990,Aquamarine,15702
393,2022-11-21,2023-04-23,Edlin,Mewburn,emewburnaw@mit.edu,Male,true,0.51,GMC,Yukon,2009,Orange,69060
394,2022-07-12,2023-02-06,Raina,Evans,revansax@chicagotribune.com,Female,true,0.33,Chevrolet,Corsica,1994,Green,66425
395,2022-05-14,2022-12-06,Farlay,Gerber,fgerberay@sourceforge.net,Male,false,0.42,Mercedes-Benz,300SD,1992,Teal,27990
396,2023-01-20,2022-12-27,Leelah,Molden,lmoldenaz@umich.edu,Female,false,0.89,Saturn,S-Series,1997,Yellow,76406
397,2022-09-04,2023-04-15,Zaneta,Heikkinen,zheikkinenb0@sina.com.cn,Bigender,true,0.03,Lamborghini,Diablo,1992,Yellow,24948
398,2022-08-29,2023-01-01,Mace,Dolling,mdollingb1@fema.gov,Male,false,0.19,Volkswagen,Scirocco,1984,Teal,80690
399,2022-12-01,2023-01-17,Maison,De Giovanni,mdegiovannib2@cnbc.com,Male,false,0.0,Ford,Club Wagon,1994,Khaki,60131
400,2023-01-01,2023-04-03,Cathy,Bare,cbareb3@webs.com,Bigender,false,0.92,Honda,CR-V,2003,Khaki,51957
401,2022-05-17,2023-03-20,Hetty,Bondesen,hbondesenb4@msu.edu,Female,true,0.53,Infiniti,G,2009,Red,80796
402,2023-02-12,2023-03-31,Brady,Vergo,bvergob5@cdc.gov,,true,0.01,Acura,TL,1998,Crimson,33643
403,2022-08-19,2023-01-19,Elvina,Dotterill,edotterillb6@printfriendly.com,Female,false,0.69,Toyota,TundraMax,2009,Goldenrod,80299
404,2023-01-19,2023-01-02,Alina,Loisi,aloisib7@answers.com,Female,false,0.37,Maserati,GranSport,2005,Khaki,13093
405,2022-06-05,2023-02-23,Mackenzie,O'Heagertie,moheagertieb8@ft.com,Male,false,0.52,Toyota,Avalon,2000,Red,22990
406,2022-06-26,2022-11-18,Gerard,Arnott,garnottb9@wikimedia.org,Male,true,0.81,Volvo,240,1993,Mauv,93373
407,2022-06-20,2023-01-26,Gale,Brickdale,gbrickdaleba@archive.org,Female,false,0.86,Mazda,RX-7,1992,Pink,46956
408,2023-02-03,2023-03-02,Raimondo,McBeth,rmcbethbb@bloglovin.com,Male,true,0.12,Hyundai,Elantra,1994,Turquoise,22463
409,2022-12-04,2023-04-19,Jedidiah,Deverose,jdeverosebc@netscape.com,Male,true,0.53,Eagle,Talon,1992,Yellow,45040
410,2022-07-13,2022-11-23,Felecia,Dupre,fduprebd@github.io,Female,false,0.09,Hyundai,Scoupe,1993,Red,18328
411,2022-12-02,2022-11-18,Gilberta,Pohling,gpohlingbe@google.pl,,true,0.78,Chevrolet,Corvette,1973,Yellow,33707
412,2022-12-17,2023-03-02,Mata,Lawling,mlawlingbf@indiegogo.com,Male,false,0.02,Pontiac,Grand Am,1996,Turquoise,13600
413,2022-06-01,2022-12-23,Scotty,Fronzek,sfronzekbg@ftc.gov,Male,true,0.63,Ford,F-Series Super Duty,2008,Indigo,34624
414,2022-07-29,2023-02-10,Emlynne,Riepel,eriepelbh@imdb.com,Female,true,0.91,Hyundai,Tucson,2005,Crimson,31036
415,2022-10-26,2023-04-09,Nerty,Leschelle,nleschellebi@ning.com,Female,false,0.15,Dodge,Ram Van 1500,1996,Orange,59352
416,2022-09-30,2023-02-23,Caye,Rodgerson,crodgersonbj@youtube.com,Female,false,0.03,Geo,Metro,1997,Maroon,39107
417,2022-12-15,2023-02-26,Liuka,Yann,lyannbk@cargocollective.com,Female,true,0.13,Scion,xB,2005,Mauv,91614
418,2022-10-17,2022-12-14,Eleanora,Sidworth,esidworthbl@eventbrite.com,Female,false,0.3,Lincoln,Town Car,1996,Violet,99424
419,2022-11-14,2022-12-15,Zitella,Vials,zvialsbm@scientificamerican.com,Female,true,0.55,Volvo,S80,2003,Puce,58950
420,2022-10-22,2023-01-16,Quill,Precious,qpreciousbn@shinystat.com,Male,false,0.02,Audi,80/90,1988,Orange,63892
421,2022-05-23,2022-12-04,Sergent,Rebichon,srebichonbo@paypal.com,Bigender,true,0.41,Chevrolet,Camaro,1996,Maroon,16931
422,2022-11-12,2022-12-27,Helenelizabeth,Armin,harminbp@wunderground.com,Female,false,0.54,Mazda,626,1999,Yellow,87119
423,2022-07-06,2023-03-03,Ines,Moro,imorobq@latimes.com,,true,0.26,Ford,Focus,2004,Goldenrod,39524
424,2023-02-04,2023-03-21,Franciska,Hawksby,fhawksbybr@wp.com,Female,false,0.45,Maserati,GranTurismo,2011,Violet,13598
425,2022-05-28,2023-03-20,Adolf,Reignolds,areignoldsbs@google.cn,Male,false,0.38,Pontiac,G6,2010,Red,56487
426,2022-12-07,2022-11-23,Dulcine,Clavey,dclaveybt@nationalgeographic.com,Female,false,0.17,Cadillac,Escalade ESV,2011,Pink,11773
