id,date_purchased,company,car_make,car_model,car_year,car_color,purchase_price
1,2019-12-10,Pagac-Swaniawski,Toyota,4Runner,2005,Red,40969
2,2018-03-21,O'Kon Inc,Ford,F250,2010,Purple,90532
3,2023-01-04,"Gulgowski, Reinger and Ratke",Mitsubishi,Chariot,1991,Green,53185
4,2021-08-02,Kessler Inc,Dodge,Dakota,2010,Aquamarine,29595
5,2019-11-02,"Brakus, Bashirian and Hettinger",Chevrolet,Caprice,1977,Green,37741
6,2019-03-03,"Hessel, Kilback and Toy",Audi,A4,2006,Turquoise,18058
7,2020-12-31,"Cruickshank, Kemmer and Thompson",Mercedes-Benz,CLK-Class,2006,Teal,77353
8,2018-04-01,"Witting, Pagac and Fay",Volkswagen,Passat,2005,Indigo,98058
9,2021-12-18,Terry Group,Isuzu,Hombre Space,1997,Orange,62665
10,2018-06-02,"Huels, Bode and Jakubowski",Mercury,Topaz,1990,Maroon,72655
11,2022-11-01,"Turner, Kris and Walsh",Panoz,Esperante,2008,Fuscia,90382
12,2020-01-11,O'Conner Inc,Nissan,Pathfinder,1999,Khaki,14500
13,2019-07-07,McLaughlin-Kovacek,Ford,C-MAX Hybrid,2013,Orange,95491
14,2018-05-10,Thiel LLC,Jaguar,S-Type,2007,Blue,85549
15,2021-06-19,"Berge, Pfannerstill and Larson",Jaguar,XJ Series,1999,Yellow,56582
16,2018-05-02,Kulas-Sauer,BMW,600,1957,Purple,77794
17,2020-04-09,Bogan Inc,Ford,Mustang,2002,Orange,65039
18,2022-11-29,Yost LLC,Porsche,911,1993,Pink,82714
19,2018-09-12,Simonis-Bode,Saab,900,1984,Violet,90503
20,2022-11-06,"Kessler, Murphy and Schinner",Volkswagen,Jetta,1990,Khaki,82339
21,2018-09-02,Braun-Schroeder,Subaru,Leone,1985,Yellow,78348
22,2022-07-05,Champlin-Olson,Lincoln,Town Car,1998,Mauv,43309
23,2018-12-13,"Schmeler, Cassin and Skiles",Dodge,Ram Van 1500,1997,Aquamarine,75844
24,2018-11-12,"Larkin, Greenfelder and Halvorson",MINI,Cooper Clubman,2009,Pink,34300
25,2020-11-07,Prosacco LLC,Kia,Borrego,2009,Orange,65930
26,2019-11-15,DuBuque-Kulas,Mercedes-Benz,M-Class,2009,Puce,24992
27,2023-01-28,Kovacek-Becker,Mitsubishi,3000GT,1997,Purple,98575
28,2019-09-01,Feest-Toy,Infiniti,FX,2011,Goldenrod,97844
29,2022-09-24,"Gorczany, Schaden and Koss",Chevrolet,Beretta,1995,Teal,20155
30,2021-05-10,Jones-Mohr,Pontiac,Fiero,1984,Orange,92395
31,2021-07-24,"Murray, Welch and Brakus",GMC,EV1,1999,Fuscia,94964
32,2020-05-27,Bartoletti-Roberts,Mercury,Grand Marquis,1984,Pink,60105
33,2022-12-13,Mohr-Ebert,Pontiac,Firefly,1985,Blue,36742
34,2021-01-18,Keebler Group,Chevrolet,Corsica,1996,Indigo,54958
35,2019-08-02,"Torp, Jakubowski and Rohan",Suzuki,SJ,1985,Fuscia,23494
36,2018-03-08,Ritchie-Bergnaum,Pontiac,Firefly,1986,Teal,59093
37,2018-07-31,"Schimmel, Rowe and Aufderhar",Chevrolet,Suburban 2500,1998,Mauv,46585
38,2018-12-19,Crona Inc,Buick,Regal,2002,Puce,34133
39,2021-10-16,"Bauch, Trantow and Zulauf",Ford,F150,1992,Green,87959
40,2022-03-10,"Kris, Koch and Barton",BMW,525,2005,Pink,79759
41,2022-04-05,"McClure, Klein and Zboncak",Lexus,LS,2010,Turquoise,58199
42,2022-03-14,Batz-Trantow,Lotus,Elise,2010,Aquamarine,49007
43,2020-04-15,Kiehn LLC,Ford,Mustang,2010,Mauv,81359
44,2021-12-26,Jakubowski-Kerluke,Lincoln,Town Car,1988,Aquamarine,59436
45,2018-04-07,Schowalter Group,Pontiac,Turbo Firefly,1990,Puce,82889
46,2022-05-20,Denesik-Friesen,Ford,E-Series,2005,Teal,34467
47,2020-12-11,Block-Krajcik,GMC,Savana 2500,1997,Indigo,18888
48,2020-03-21,"King, Sanford and Murray",Chrysler,300,2012,Pink,58597
49,2020-11-22,"Mosciski, Senger and Parisian",Ford,E250,2004,Indigo,29185
50,2018-03-17,"Berge, Kreiger and Boyer",Buick,Park Avenue,1991,Violet,26325
51,2020-10-22,Wehner-Gerhold,Mercedes-Benz,S-Class,1987,Yellow,17692
52,2020-06-28,Kunze LLC,Nissan,Datsun/Nissan Z-car,1990,Aquamarine,89054
53,2019-03-04,"Wisozk, Schumm and Schulist",Suzuki,SX4,2010,Green,24436
54,2019-09-07,"Nienow, Heller and Crooks",Honda,Civic Si,2006,Puce,45157
55,2022-02-16,"Gerlach, Nienow and Walter",Kia,Amanti,2009,Teal,24133
56,2022-01-28,Klocko LLC,Chevrolet,Cavalier,2000,Violet,59694
57,2021-09-30,Hoeger-Larkin,Honda,Accord,1996,Mauv,17813
58,2020-05-08,Hintz-Harber,Plymouth,Grand Voyager,1996,Purple,50357
59,2021-05-26,"Lang, Bosco and Balistreri",Pontiac,Grand Prix,1970,Red,11010
60,2018-06-30,Williamson-Hagenes,Chrysler,Sebring,2009,Pink,51214
61,2020-11-08,Ruecker Group,Aston Martin,DB9 Volante,2006,Yellow,50849
62,2019-06-15,Haley-Orn,Pontiac,Montana,2002,Indigo,35978
63,2022-12-15,McGlynn Inc,Lexus,GX,2009,Orange,18592
64,2020-02-23,"Jacobi, Fritsch and Rippin",Hyundai,Accent,1999,Purple,91348
65,2021-07-14,"Hermann, Hegmann and Conroy",Oldsmobile,Alero,1999,Blue,51968
66,2022-09-20,Hirthe LLC,Lexus,IS,2003,Blue,38314
67,2020-02-07,Rempel and Sons,Lincoln,LS,2001,Violet,41681
68,2023-04-30,Nolan Group,Lotus,Esprit,1993,Pink,65249
69,2020-01-23,"Welch, Blick and Towne",Suzuki,Sidekick,1990,Aquamarine,98258
70,2018-12-31,"Hayes, Waters and Hayes",Ford,ZX2,2002,Orange,25811
71,2020-03-16,"Weimann, Kub and Prohaska",Chevrolet,Suburban 2500,2005,Turquoise,41373
72,2021-01-19,"Frami, Goodwin and O'Connell",Suzuki,Daewoo Magnus,2005,Turquoise,87669
73,2023-01-30,Ullrich-Kuhlman,GMC,Jimmy,1994,Yellow,19806
74,2022-03-20,Funk Group,Mazda,Mazda5,2010,Blue,54868
75,2019-11-03,"Watsica, Hettinger and Stehr",Suzuki,Swift,1988,Crimson,88933
76,2020-01-25,Armstrong LLC,Pontiac,Grand Prix Turbo,1990,Khaki,90047
77,2022-07-26,Morissette-Conn,Suzuki,Esteem,2002,Fuscia,89624
78,2020-08-06,"Swift, O'Reilly and Dooley",GMC,Sierra 1500,2013,Mauv,13910
79,2020-07-08,Ward and Sons,Hyundai,Sonata,2006,Green,42802
80,2019-12-26,"Hintz, Mraz and Huel",Volvo,V50,2007,Aquamarine,16058
81,2020-07-30,Lockman-O'Hara,Ford,Aspire,1995,Khaki,71754
82,2022-04-22,"Ledner, Hamill and Denesik",Saturn,Ion,2005,Yellow,41496
83,2019-11-17,Goldner Group,Buick,Somerset,1985,Blue,71073
84,2019-05-06,Shanahan LLC,Porsche,911,1992,Goldenrod,66119
85,2018-12-14,Rath LLC,Jaguar,S-Type,2004,Green,23476
86,2023-01-09,Von LLC,Chevrolet,Corvette,1998,Khaki,67885
87,2018-10-24,"Bartell, Fritsch and Bauch",Pontiac,Grand Prix,1989,Violet,83442
88,2020-12-04,Purdy-Schultz,Ford,Explorer,1999,Blue,83534
89,2020-01-04,Witting-Carroll,Maserati,Biturbo,1984,Maroon,51916
90,2021-08-22,"Hyatt, O'Kon and Cole",Land Rover,Range Rover,2000,Indigo,40422
91,2020-03-16,Will and Sons,Volvo,S80,2002,Pink,61813
92,2022-09-12,DuBuque Inc,Ford,Mustang,1967,Crimson,95759
93,2023-03-27,Greenfelder and Sons,Porsche,944,1990,Crimson,11077
94,2019-06-21,"Volkman, Rolfson and Moore",Kia,Sorento,2008,Mauv,38752
95,2020-04-02,Rosenbaum Group,Chrysler,Town & Country,2007,Red,78619
96,2020-12-24,Lang-Rutherford,BMW,6 Series,2005,Turquoise,19527
97,2021-09-29,Hamill-Gerlach,Volvo,V50,2010,Crimson,77781
98,2022-08-11,Bergstrom Inc,Infiniti,FX,2010,Turquoise,91337
99,2022-10-09,Hayes-Jacobson,Chevrolet,HHR,2011,Orange,50834
100,2021-05-06,Cremin Inc,Mazda,Millenia,1998,Crimson,50027
101,2021-09-01,"Reichert, Grimes and Deckow",Isuzu,Rodeo Sport,2002,Indigo,49467
102,2022-01-16,Langworth-Moen,Cadillac,Seville,2001,Mauv,74742
103,2020-09-05,"Hudson, Halvorson and Altenwerth",MINI,Cooper,2012,Purple,18153
104,2018-08-04,Grant Group,Honda,Pilot,2002,Maroon,87586
105,2020-07-11,Murazik Group,GMC,Sonoma,2002,Khaki,58000
106,2021-02-16,Stroman Inc,Honda,Accord,1987,Pink,20297
107,2018-04-01,"Sporer, Harvey and Kemmer",Lincoln,Town Car,1992,Maroon,60890
108,2020-12-16,"Fay, Bernhard and Dickinson",Ford,Mustang,2001,Pink,56648
109,2023-05-07,Pouros-Stracke,Volkswagen,Eos,2012,Crimson,57018
110,2019-10-30,Harber Group,Volkswagen,R32,2004,Goldenrod,46892
111,2019-05-05,Sauer LLC,Mercedes-Benz,S-Class,1986,Crimson,68389
112,2021-01-27,Brakus Inc,Acura,RL,2012,Yellow,66036
113,2020-04-17,Stark LLC,Mercedes-Benz,SL-Class,1985,Indigo,98217
114,2020-03-19,Stiedemann and Sons,Plymouth,Voyager,1992,Purple,31142
115,2021-09-28,Schiller LLC,Toyota,4Runner,2005,Violet,45620
116,2019-07-10,Wehner LLC,Volvo,S90,1997,Puce,26944
117,2021-02-17,Bechtelar-Lehner,Audi,A4,2001,Violet,20800
118,2019-07-19,"Pollich, Shields and Wiegand",Honda,Civic,2008,Aquamarine,80626
119,2020-06-12,"Rohan, King and Bednar",Acura,RL,2006,Orange,57585
120,2022-07-23,Blanda-Conroy,Ford,Crown Victoria,1993,Crimson,91115
121,2021-08-12,"Greenfelder, Schroeder and Parisian",Mercury,Lynx,1987,Khaki,17717
122,2019-11-21,"Nitzsche, Goldner and Stoltenberg",Chevrolet,G-Series 3500,1997,Blue,43909
123,2019-04-06,"Smitham, Strosin and Streich",Nissan,Quest,1999,Aquamarine,18032
124,2020-02-05,Jones and Sons,Chevrolet,Venture,2003,Green,47630
125,2019-04-29,"Stroman, Bogan and Price",Subaru,Justy,1993,Orange,74949
126,2022-04-16,Lowe and Sons,Lamborghini,Gallardo,2006,Maroon,95579
127,2020-10-18,Thompson-Botsford,Dodge,D150 Club,1992,Crimson,69035
128,2022-11-28,Berge Inc,Ford,E-Series,2008,Indigo,29051
129,2020-08-16,Harber-Jast,Dodge,Ram Van 1500,1997,Blue,57807
130,2018-11-08,Berge LLC,Acura,CL,2003,Maroon,36632
131,2019-09-02,"Cronin, Hoeger and Mraz",Subaru,Justy,1994,Mauv,75114
132,2020-04-27,Gleason LLC,Mercedes-Benz,300TE,1992,Yellow,45657
133,2018-12-19,Hegmann-Dickinson,Toyota,MR2,1985,Goldenrod,64804
134,2020-05-13,"Sawayn, Dietrich and Bins",Kia,Optima,2006,Turquoise,45235
135,2021-04-15,Huel-Hudson,Volkswagen,Jetta,1996,Puce,14780
136,2021-01-02,Berge-Carroll,Audi,A4,2012,Yellow,17326
137,2021-07-02,Hodkiewicz-Schmidt,Jaguar,XJ Series,1992,Green,25707
138,2021-01-01,"Durgan, Hand and Johnston",Buick,Rainier,2007,Pink,33404
139,2023-01-23,"Jacobs, Johns and Raynor",Mercedes-Benz,C-Class,1997,Aquamarine,99931
140,2018-08-28,Walter LLC,Ford,F350,2011,Yellow,77636
141,2018-02-13,Bergnaum Group,Mitsubishi,Chariot,1992,Goldenrod,57685
142,2018-05-22,"Windler, Beahan and Langosh",Volkswagen,Fox,1993,Maroon,43470
143,2020-05-22,Williamson and Sons,Ford,Mustang,1979,Green,48992
144,2018-12-14,Rau Group,Audi,Allroad,2004,Puce,61674
145,2018-08-19,"Runolfsdottir, Altenwerth and Jacobs",Chevrolet,SSR,2004,Goldenrod,76424
146,2020-08-03,"Grant, Stiedemann and Wolf",Honda,Insight,2005,Teal,24752
147,2019-04-18,"Schaden, Nienow and Berge",Buick,Special,1962,Turquoise,18318
148,2023-04-01,"Johnston, Cormier and Cruickshank",Suzuki,Grand Vitara,2009,Green,23247
149,2022-06-07,Lindgren and Sons,Ford,F250,2000,Mauv,53009
150,2021-10-15,"Nienow, Lesch and Weber",Eagle,Summit,1993,Indigo,51304
151,2019-10-01,Farrell LLC,Chevrolet,Silverado,2007,Pink,51059
152,2022-01-04,"Von, Gerlach and Lesch",Ford,Bronco,1989,Mauv,10491
153,2018-12-05,"Predovic, Bahringer and Schiller",Mercury,Cougar,1996,Purple,28694
154,2022-02-01,"Greenholt, Batz and O'Hara",Mitsubishi,Chariot,1996,Crimson,32122
155,2022-03-06,Romaguera-Mosciski,Pontiac,Firebird,1998,Pink,78242
156,2018-11-15,"Nitzsche, Schneider and Cummerata",Ford,Thunderbird,2004,Mauv,21699
157,2019-03-03,"Donnelly, Koch and Rosenbaum",Lincoln,MKX,2008,Turquoise,70217
158,2022-12-19,Swift-O'Hara,Toyota,Land Cruiser,2011,Green,62083
159,2022-02-01,MacGyver Group,Ford,Thunderbird,1972,Mauv,28128
160,2022-07-18,McGlynn LLC,MINI,Cooper Clubman,2011,Khaki,31225
161,2023-04-06,"Hirthe, Runte and Feest",Jeep,Grand Cherokee,1993,Goldenrod,77735
162,2020-02-04,"Weissnat, Johnson and Russel",Mazda,Mazdaspeed6,2006,Aquamarine,75606
163,2018-10-24,"Roberts, Swaniawski and Gorczany",Saturn,Astra,2008,Orange,68248
164,2020-11-19,"Larson, Ledner and Pollich",GMC,Jimmy,1995,Fuscia,22388
165,2022-04-25,Kub-Wiza,Nissan,Altima,2013,Blue,47204
166,2021-10-07,Vandervort-Schaden,Mercedes-Benz,C-Class,2003,Indigo,52762
167,2021-07-05,"Schimmel, Runolfsson and Pagac",Suzuki,Grand Vitara,2000,Blue,36644
168,2019-02-14,Corwin-Miller,Suzuki,Reno,2008,Blue,30557
169,2022-07-24,"Stokes, Gleason and Kuphal",Mitsubishi,Tredia,1986,Orange,75712
170,2021-03-03,"Greenholt, Shields and Kuhn",Porsche,911,2008,Red,59437
171,2018-07-08,Prohaska Inc,Bentley,Continental,2010,Green,90048
172,2019-05-17,Senger Inc,Cadillac,Seville,1992,Red,60144
173,2018-06-07,"Monahan, Lindgren and Hermiston",Chrysler,New Yorker,1992,Mauv,17962
174,2022-01-14,Dietrich LLC,GMC,Envoy,1999,Blue,72563
175,2018-05-20,"Hermiston, Lebsack and Waelchi",Mercedes-Benz,E-Class,1993,Puce,42640
176,2023-02-23,"Harris, Kreiger and Fisher",Mazda,626,1992,Orange,13811
177,2018-03-02,"Schoen, Wyman and Lang",Chevrolet,Express 2500,2002,Purple,16613
178,2018-12-07,Abshire-Lubowitz,Volkswagen,Beetle,1965,Turquoise,29292
179,2019-11-20,"Bode, Padberg and Rippin",GMC,Savana 3500,2001,Turquoise,12283
180,2021-10-17,"Ankunding, Kohler and Ritchie",Mazda,Miata MX-5,2007,Blue,63306
181,2019-04-09,Lockman and Sons,Pontiac,Sunfire,2002,Mauv,68625
182,2020-08-05,Macejkovic Inc,Oldsmobile,88,1995,Teal,44247
183,2021-05-30,Schinner and Sons,Ford,F-Series Super Duty,2010,Goldenrod,53093
184,2018-08-22,"Connelly, Beahan and Dooley",BMW,6 Series,2005,Pink,27806
185,2019-12-24,"Beier, Kunde and Heidenreich",Honda,Civic Si,2006,Violet,27966
186,2018-08-27,"Jast, Cruickshank and Dickinson",Cadillac,STS,2009,Violet,95476
187,2019-05-01,Zieme Inc,Acura,RL,2000,Yellow,94201
188,2018-08-22,"Kris, Goldner and Runte",Ford,Fusion,2011,Maroon,65527
189,2022-02-28,Howe Group,Suzuki,Sidekick,1998,Maroon,74966
190,2022-09-21,"Parisian, Hand and Stoltenberg",Lexus,HS,2010,Teal,97656
191,2021-09-29,Schaden and Sons,Lexus,GS,1996,Fuscia,75257
192,2022-02-26,Wolff-Huels,Saab,9-3,2005,Crimson,38656
193,2019-09-07,Stiedemann Group,Ford,Crown Victoria,2004,Aquamarine,68184
194,2021-06-12,Nader-Hoeger,Mazda,Protege,1997,Yellow,34006
195,2018-09-26,Bashirian-Bogisich,Ford,Windstar,1997,Turquoise,37341
196,2019-07-06,Moore-Kuhic,Pontiac,1000,1986,Orange,35513
197,2023-04-23,Rohan and Sons,Infiniti,G35,2004,Teal,83403
198,2018-02-23,"Marvin, Koss and Bosco",Suzuki,X-90,1996,Violet,56382
199,2019-11-21,Kertzmann-Collins,Bentley,Continental,2009,Blue,50548
200,2022-12-04,Witting-Walsh,Chevrolet,Silverado 1500,2012,Violet,35093
201,2019-03-08,King-Reinger,Geo,Tracker,1995,Mauv,41268
202,2019-10-04,Zemlak Inc,Chevrolet,Malibu,2002,Green,17645
203,2018-11-13,"Walter, Batz and Hermiston",Mitsubishi,Eclipse,2000,Puce,35741
204,2018-08-04,Wintheiser-Jerde,Dodge,Dakota Club,1994,Green,23456
205,2018-01-19,Baumbach-Nienow,Ford,Escort,1987,Puce,48774
206,2022-07-11,Leannon LLC,Audi,Cabriolet,1997,Puce,19276
207,2019-02-02,Friesen-Prosacco,Buick,Skyhawk,1986,Violet,73946
208,2019-04-02,"Upton, Durgan and Roob",Mitsubishi,Chariot,1994,Pink,12442
209,2018-07-19,Gerlach-Becker,Ford,Taurus,2010,Maroon,78907
210,2018-09-16,Satterfield-Grady,Lotus,Elise,2006,Fuscia,47161
211,2018-08-13,"Dooley, Moore and Murray",Ford,Ranger,2011,Goldenrod,86745
212,2022-04-22,Labadie Inc,Honda,Insight,2000,Mauv,48845
213,2021-06-22,Boehm and Sons,Mitsubishi,Diamante,2005,Goldenrod,90849
214,2023-04-02,"Beatty, Labadie and Schmitt",Saturn,Ion,2004,Mauv,91291
215,2018-07-04,"O'Kon, Parker and Wiza",Ford,Mustang,1967,Goldenrod,40752
216,2021-06-03,"Leuschke, Moen and Moen",BMW,M5,1992,Mauv,96709
217,2019-01-26,Gutkowski LLC,Dodge,Daytona,1993,Maroon,14776
218,2022-11-30,Bahringer-Torp,Dodge,Stratus,1999,Maroon,99360
219,2022-07-16,Harvey-Kunze,Ford,E-Series,1990,Mauv,39270
220,2018-07-14,Armstrong-Wintheiser,Lincoln,Town Car,2005,Aquamarine,71835
221,2018-07-20,Jenkins-Haley,Lexus,GS,2006,Mauv,94535
222,2019-07-25,Conroy and Sons,Honda,CR-Z,2011,Orange,21272
223,2022-01-09,Gerlach and Sons,Lexus,GS,2002,Pink,98934
224,2021-01-26,"Konopelski, Blick and Parker",Chevrolet,Express 2500,2004,Mauv,20029
225,2021-07-18,"Bode, Romaguera and Gerlach",Infiniti,G37,2009,Blue,62435
226,2019-08-18,Dooley and Sons,Subaru,Legacy,2009,Orange,26628
227,2021-09-30,Deckow and Sons,Volvo,V70,2002,Yellow,34581
228,2022-12-08,"Collins, Feest and Cummings",Pontiac,Grand Am,2003,Green,90463
229,2018-10-09,Hermiston-Lesch,Mitsubishi,Lancer Evolution,2003,Teal,23955
230,2021-04-30,Hyatt LLC,Toyota,Tercel,1995,Aquamarine,47684
231,2019-09-13,"Macejkovic, Ferry and Prohaska",GMC,Safari,1996,Turquoise,66593
232,2022-07-11,Swift Group,Bentley,Continental GTC,2010,Indigo,24411
233,2023-05-02,"Grimes, Thiel and Halvorson",Buick,Riviera,1995,Goldenrod,73893
234,2022-10-18,"Vandervort, Mertz and Nolan",Chevrolet,Corvette,2007,Orange,46885
235,2018-01-01,Fritsch LLC,BMW,M Roadster,2006,Pink,48365
236,2021-06-04,Paucek LLC,Buick,Century,2000,Indigo,36778
237,2019-06-18,Swaniawski LLC,Volkswagen,New Beetle,2003,Red,60330
238,2022-04-10,Moen and Sons,Toyota,Land Cruiser,2004,Khaki,94954
239,2018-11-26,Reichel-McDermott,Lincoln,Town Car,1991,Puce,68333
240,2021-12-26,"Bechtelar, Dicki and Bosco",Infiniti,QX,2010,Violet,24848
241,2023-03-21,Pfeffer-Lockman,Mitsubishi,Starion,1987,Fuscia,73310
242,2019-06-21,Gerhold and Sons,Acura,MDX,2004,Purple,38267
243,2021-12-11,"Waelchi, Ruecker and O'Kon",Mazda,MX-5,1999,Indigo,80933
244,2021-03-19,Kozey and Sons,Lincoln,Blackwood,2003,Yellow,42202
245,2023-01-17,Larson-Quitzon,Volvo,C70,2010,Mauv,98440
246,2022-03-26,"Barrows, Pfeffer and Gutmann",Chrysler,LHS,1996,Orange,31498
247,2022-05-14,Langosh Inc,Subaru,B9 Tribeca,2006,Red,73262
248,2021-11-08,Cruickshank Inc,Chevrolet,1500,1999,Indigo,22794
249,2020-10-24,"Johnston, Hettinger and Cartwright",Ford,Contour,2000,Green,68691
250,2021-02-03,Hermann-Auer,Ford,Bronco,1992,Crimson,10560
251,2021-02-08,"Kovacek, Lowe and West",GMC,Savana 1500,1999,Aquamarine,40764
252,2021-05-22,"Torphy, Stamm and Bartell",Dodge,Ram 2500,2000,Teal,61173
253,2021-06-09,Macejkovic-Ondricka,Pontiac,Torrent,2009,Crimson,45927
254,2022-12-18,"Stroman, Tremblay and Hammes",GMC,3500 Club Coupe,1995,Indigo,18194
255,2020-10-15,Powlowski Inc,Chevrolet,Express,2010,Aquamarine,23680
256,2020-03-26,"Halvorson, Kris and Blick",Nissan,Armada,2009,Aquamarine,68780
257,2018-09-01,Schulist-Ratke,Nissan,Maxima,1995,Goldenrod,16461
258,2019-07-03,Frami-Fay,Pontiac,Grand Prix Turbo,1990,Blue,21773
259,2019-11-20,"Daniel, Hegmann and Mann",Honda,Accord,2001,Fuscia,77699
260,2020-09-03,Purdy and Sons,Chrysler,Sebring,1995,Orange,32963
261,2022-05-30,Franecki-Christiansen,Nissan,Sentra,1992,Fuscia,71636
262,2019-08-14,Schmidt-Howell,Isuzu,Rodeo Sport,2002,Blue,52291
263,2021-01-23,Heidenreich LLC,Mercury,Milan,2011,Aquamarine,15050
264,2019-09-18,Stanton-Dibbert,Ford,E350,2006,Orange,32839
265,2021-02-23,Strosin Group,Audi,Quattro,1992,Purple,68944
266,2018-02-06,Wehner-Williamson,GMC,Suburban 1500,1996,Aquamarine,80930
267,2020-01-08,Smitham Group,Honda,Insight,2005,Purple,23460
268,2019-04-14,Schmeler Inc,Chevrolet,Cobalt,2008,Mauv,78279
269,2019-08-13,Rippin-Bosco,Subaru,Legacy,2011,Red,38110
270,2021-03-16,Reilly Inc,Hyundai,Sonata,2010,Purple,42701
271,2020-09-30,Daniel Group,Toyota,RAV4,2012,Maroon,91183
272,2021-08-23,Flatley Group,Saturn,S-Series,1997,Blue,97171
273,2021-01-30,"Bode, Mann and Larkin",Volvo,940,1993,Green,77448
274,2020-10-28,Wilderman-Schumm,Pontiac,G3,2009,Puce,92160
275,2019-02-15,Watsica Group,BMW,5 Series,1998,Violet,82942
276,2022-11-12,"Paucek, Kub and Nader",Mercedes-Benz,E-Class,2012,Violet,25548
277,2019-04-14,Quigley-Reynolds,Ford,F250,1995,Turquoise,13727
278,2021-10-08,"Pollich, Pfannerstill and Padberg",Land Rover,Range Rover,1998,Red,39629
279,2020-10-04,Mante LLC,Toyota,Tundra,2000,Purple,65122
280,2020-07-20,Franecki-Streich,Ford,Escape,2000,Aquamarine,24045
281,2018-04-22,Hamill-Rice,Volkswagen,GTI,1985,Purple,84871
282,2019-03-29,Monahan Inc,Hyundai,Veloster,2013,Orange,58267
283,2022-09-16,"Gorczany, Kirlin and Botsford",BMW,645,2004,Indigo,30983
284,2020-01-23,Tillman-Botsford,Ford,Laser,1986,Puce,81960
285,2018-09-16,Corwin and Sons,Ford,Windstar,1996,Khaki,57548
286,2019-10-21,"Hodkiewicz, Stark and Schumm",Cadillac,Eldorado,1994,Goldenrod,65517
287,2022-07-11,"Koepp, Reynolds and Cartwright",Jaguar,XK,2008,Crimson,80389
288,2021-01-17,Cremin-Keebler,Volkswagen,Cabriolet,1996,Orange,95492
289,2022-11-14,Collins Group,Ford,Probe,1990,Green,95272
290,2021-09-06,Wehner-Murray,Chevrolet,Camaro,1999,Fuscia,33390
291,2019-11-01,Kessler Inc,Chevrolet,2500,2000,Teal,13515
292,2022-04-29,Runolfsson and Sons,Suzuki,Swift,1993,Turquoise,21171
293,2019-08-07,"Olson, Lebsack and Moen",Chevrolet,Monte Carlo,1973,Goldenrod,18431
294,2019-06-28,"Brown, Klocko and Morar",Chevrolet,TrailBlazer,2007,Blue,75458
295,2019-06-17,Steuber-Bradtke,Ford,Laser,1986,Maroon,68915
296,2020-07-25,Considine-Flatley,Hyundai,Elantra,1999,Fuscia,71706
297,2020-10-29,"Hansen, VonRueden and Schultz",Chevrolet,Camaro,1978,Khaki,55890
298,2021-11-15,"Yundt, Tremblay and Roberts",Jaguar,XJ Series,2005,Teal,63485
299,2022-07-11,"Kassulke, Lang and Kuphal",Ford,F150,1984,Crimson,47753
300,2018-06-27,Herman LLC,Mitsubishi,Pajero,2006,Indigo,47183
301,2020-08-31,"Wehner, Kemmer and Shanahan",Dodge,Dakota Club,1999,Goldenrod,13155
302,2022-02-10,Abshire-VonRueden,Lexus,RX,2006,Crimson,69853
303,2018-08-02,Labadie-Streich,Ford,Mustang,1980,Green,51878
304,2020-12-05,Cremin-Pouros,Toyota,Tundra,2010,Crimson,77986
305,2021-09-26,"Reichert, Hintz and Hoeger",Mitsubishi,Excel,1987,Crimson,22390
306,2019-11-16,Gulgowski-Walter,Porsche,944,1985,Mauv,46497
307,2020-03-31,"D'Amore, Haley and Dare",Ford,Windstar,2004,Crimson,49047
308,2019-12-18,"Rau, Paucek and Mueller",BMW,X6,2010,Crimson,76684
309,2021-10-31,"Beahan, Murray and Lebsack",Ford,Escape,2006,Yellow,71478
310,2018-01-22,"Gleichner, Hills and Walker",Mazda,Protege,1998,Pink,97237
311,2022-08-15,"Hamill, Cronin and Conn",Cadillac,Seville,1996,Violet,29508
312,2021-03-21,Pollich Inc,Isuzu,Hombre,1998,Turquoise,12243
313,2021-01-14,"Bergnaum, Lynch and Farrell",Audi,A5,2012,Mauv,72133
314,2019-05-07,"Ernser, Kautzer and Bode",Ford,E250,2009,Turquoise,35049
315,2023-01-12,Schowalter and Sons,Suzuki,SJ,1988,Fuscia,22234
316,2018-04-09,Muller-O'Keefe,Mazda,Tribute,2001,Pink,53277
317,2021-08-24,Nolan-Abbott,Honda,Civic Si,2005,Puce,83842
318,2020-01-29,"Grimes, Ward and Waelchi",Chrysler,Town & Country,2010,Teal,36362
319,2022-04-06,"Mayer, Thiel and Jacobson",Audi,TT,2000,Khaki,38663
320,2022-01-18,Spencer-Kuhn,Bentley,Azure,2010,Pink,62484
321,2019-10-09,"Davis, Bradtke and Moen",Pontiac,Bonneville,1996,Mauv,24926
322,2019-01-14,Osinski-Walker,Audi,S5,2010,Teal,83406
323,2020-01-15,Mosciski-Schaefer,Mercedes-Benz,300SE,1993,Teal,80463
324,2018-11-09,"Walsh, Schneider and Bins",Oldsmobile,Bravada,1997,Mauv,15438
325,2019-10-08,Breitenberg-Fadel,Infiniti,QX,1998,Fuscia,90763
326,2022-06-07,Kozey Inc,Mitsubishi,Mirage,1992,Orange,33928
327,2020-03-26,"Bayer, Harvey and Bogisich",Ford,E-Series,1989,Turquoise,78355
328,2021-06-04,Leannon-Berge,Chevrolet,G-Series 3500,1997,Indigo,29938
329,2022-03-17,Hessel-Klein,GMC,Savana 2500,2009,Green,98237
330,2020-01-06,"Johnson, Von and Medhurst",Dodge,Grand Caravan,1998,Turquoise,77778
331,2021-08-04,Kutch Group,Buick,Regal,1995,Teal,11662
332,2022-01-11,Hickle and Sons,BMW,M3,2001,Crimson,41101
333,2022-04-30,"Hegmann, Kling and Senger",Subaru,Legacy,2008,Puce,62814
334,2020-12-29,"Grimes, Skiles and Weimann",GMC,Sierra 3500,2010,Mauv,51582
335,2021-01-31,"Carter, Gorczany and Kuhn",Oldsmobile,Cutlass Supreme,1992,Orange,42028
336,2020-08-04,Jacobs Group,Maybach,57,2006,Yellow,19431
337,2022-04-04,Grady Group,Audi,200,1991,Pink,52693
338,2021-12-05,Boyer Group,Chevrolet,Express 3500,2001,Turquoise,75926
339,2021-11-30,Klein and Sons,Audi,Q5,2012,Pink,52089
340,2019-12-05,Thompson Group,Ford,Th!nk,2002,Orange,86132
341,2020-12-05,Kertzmann-Upton,Suzuki,Kizashi,2011,Violet,44217
342,2019-05-09,Cruickshank-Wehner,Hummer,H1,1994,Indigo,46191
343,2019-05-30,Dooley-Rau,Chevrolet,K5 Blazer,1995,Maroon,43465
344,2019-10-27,Ratke-Cremin,Jaguar,X-Type,2002,Maroon,42346
345,2019-07-21,Brekke-Skiles,Mitsubishi,Eclipse,1991,Violet,24670
346,2018-07-14,Kuhic and Sons,Chevrolet,Express,2007,Mauv,21723
347,2020-03-25,Fritsch-Nienow,Ford,F-Series,2003,Fuscia,27610
348,2022-05-12,Herzog-Kemmer,Mercury,Sable,1991,Turquoise,32585
349,2021-12-15,Reinger-Schamberger,Pontiac,Trans Sport,1997,Purple,34088
350,2020-06-30,Heidenreich Inc,Mazda,B-Series,1991,Turquoise,93559
351,2022-09-23,Hudson and Sons,Hyundai,XG350,2005,Pink,70094
352,2018-08-27,"Kreiger, Hane and Wolf",Hyundai,Elantra,2005,Aquamarine,38113
353,2021-07-31,Hand-Yundt,Suzuki,XL7,2009,Pink,80021
354,2021-07-05,"VonRueden, Bauch and Hickle",Chevrolet,S10,1994,Red,46704
355,2021-10-02,Nolan-Marquardt,Dodge,Dakota Club,2005,Aquamarine,72243
356,2020-06-08,"Klein, Stark and Hane",Mercury,Villager,1995,Green,19184
357,2019-11-16,"Crist, Kshlerin and Hegmann",Nissan,GT-R,2013,Orange,21407
358,2019-02-12,Lebsack Inc,Ford,Ranger,1991,Pink,17277
359,2020-01-19,"Harber, MacGyver and Satterfield",Honda,Insight,2001,Fuscia,66041
360,2020-08-09,"McLaughlin, Kunze and Cole",Ford,E250,2005,Pink,66537
361,2022-01-16,"Glover, Stracke and Heaney",Subaru,Impreza,1998,Blue,70647
362,2018-04-20,"Padberg, Rau and White",Chrysler,Concorde,1999,Purple,94231
363,2021-07-13,Okuneva LLC,Nissan,Quest,2004,Orange,36758
364,2019-06-10,Turner-Ratke,Lincoln,Navigator,2005,Goldenrod,39644
365,2021-04-10,Johnston-Schmeler,Fairthorpe,Rockette,1960,Teal,10178
366,2021-11-16,Medhurst LLC,Hyundai,Veloster,2013,Turquoise,37725
367,2018-11-29,"Goyette, Doyle and Kohler",Mazda,Millenia,1995,Turquoise,64637
368,2022-07-19,Walter LLC,Volkswagen,Rabbit,2006,Maroon,26663
369,2021-07-12,Gulgowski Inc,Lexus,LX,1997,Yellow,50477
370,2019-09-01,Waters-Marquardt,Isuzu,Rodeo,1996,Red,82428
371,2018-10-05,Price Inc,Bentley,Brooklands,2009,Goldenrod,26986
372,2022-11-17,Flatley-Ruecker,Dodge,Dakota,2007,Puce,33762
373,2019-09-16,"Aufderhar, Langworth and Considine",Infiniti,QX56,2008,Red,14691
374,2021-04-25,Ward Inc,Lincoln,Navigator,2012,Green,72615
375,2021-04-26,"Koelpin, Aufderhar and Schmeler",Volkswagen,Cabriolet,1990,Indigo,37456
376,2021-01-14,"Marquardt, Purdy and Schumm",Toyota,MR2,1993,Goldenrod,13667
377,2019-11-06,Wiza-Pagac,GMC,Yukon,1999,Puce,84698
378,2019-05-18,Kuhic-Hansen,Chevrolet,Corvette,2010,Violet,67452
379,2021-10-01,Lynch-Ullrich,Ford,F250,2007,Orange,97978
380,2019-08-22,Mayer-Gerhold,Chrysler,Sebring,2010,Goldenrod,78032
381,2018-04-22,Heidenreich LLC,Subaru,Impreza,1997,Goldenrod,90351
382,2022-08-07,Wiza-Purdy,Ford,Explorer,2004,Blue,90173
383,2020-04-29,"Murazik, Johnston and Schmitt",Aston Martin,DB9,2007,Turquoise,41063
384,2022-03-22,Miller Group,Volkswagen,Fox,1987,Violet,89522
385,2022-11-15,"Smith, Stehr and Rau",Chevrolet,Avalanche,2006,Blue,98987
386,2022-08-19,Cassin-Thompson,Jeep,Liberty,2003,Blue,90285
387,2023-03-05,Morar-Kuvalis,Porsche,Cayman,2006,Fuscia,37845
388,2023-05-01,"Wintheiser, Batz and McKenzie",Honda,Pilot,2005,Pink,29853
389,2019-11-26,Flatley-Mertz,Toyota,Celica,1978,Crimson,58428
390,2022-04-22,Kihn and Sons,Hyundai,XG350,2005,Indigo,88129
391,2019-04-18,Crona-Baumbach,Eagle,Vision,1997,Indigo,62183
392,2018-06-27,Price-Lesch,Volkswagen,GTI,2006,Violet,46929
393,2021-04-08,Jones-McKenzie,Lincoln,Town Car,2001,Aquamarine,47089
394,2023-01-08,"O'Kon, Conn and Hettinger",Audi,Q5,2011,Mauv,54662
395,2019-03-03,"Boehm, Kertzmann and Barton",Toyota,Avalon,2001,Crimson,99787
396,2022-09-18,Kuhlman Inc,Nissan,GT-R,2011,Puce,53321
397,2019-12-11,Stehr and Sons,Hyundai,Sonata,2000,Red,97916
398,2020-04-16,Blick-Considine,Chevrolet,Suburban 2500,2004,Pink,88312
399,2021-07-12,Sawayn Group,Lincoln,Continental Mark VII,1987,Mauv,90815
400,2021-12-20,Crist-Hackett,Lexus,GX,2008,Blue,49994
401,2022-01-07,Anderson LLC,Volkswagen,Scirocco,1984,Aquamarine,58469
402,2019-06-28,Huel-Sauer,Buick,Terraza,2006,Mauv,65505
403,2018-03-13,"Hane, Rempel and Friesen",Lexus,SC,2003,Crimson,78028
404,2022-09-21,"MacGyver, Walter and Bosco",Chevrolet,Suburban 2500,1995,Crimson,73584
405,2023-04-08,Morar-Kerluke,Lexus,ES,2009,Crimson,37136
406,2018-10-03,Borer LLC,GMC,Sierra 1500,2011,Blue,79441
407,2020-01-22,"Lebsack, Howe and Runolfsdottir",Ford,Econoline E350,1992,Red,59375
408,2019-07-11,"Konopelski, Rowe and Weber",Ford,F150,2002,Teal,99654
409,2021-09-22,Dickinson-Hilll,Chevrolet,Avalanche 2500,2006,Indigo,36877
410,2019-01-14,"Beatty, Lebsack and Wisoky",Volkswagen,Fox,1990,Pink,16422
411,2019-02-12,Koss LLC,Volvo,S40,2006,Maroon,77782
412,2018-07-01,"Osinski, Doyle and Batz",Spyker,C8,2005,Turquoise,10584
413,2019-01-07,Nitzsche and Sons,Subaru,B9 Tribeca,2007,Aquamarine,34406
414,2021-10-21,Witting-Sanford,Ford,Taurus,1987,Purple,18966
415,2022-07-07,Torphy-Rowe,Lexus,LS,1991,Indigo,98351
416,2021-05-03,Lemke-Walsh,Volkswagen,Type 2,1986,Turquoise,36291
417,2023-04-19,Braun LLC,Ford,F250,1996,Yellow,20730
418,2021-03-03,"Hagenes, Stracke and Spinka",Suzuki,Equator,2012,Purple,10669
419,2022-01-01,"Hodkiewicz, Tremblay and Erdman",Chevrolet,Corsica,1994,Blue,26031
420,2018-09-05,"Langosh, Fritsch and MacGyver",Kia,Amanti,2009,Goldenrod,44966
421,2021-10-02,Walter-Tromp,Mazda,RX-7,1993,Orange,28992
422,2019-12-25,Morar LLC,Mercedes-Benz,C-Class,2008,Red,86840
423,2022-09-21,"Zemlak, Reilly and Reilly",Mercury,Grand Marquis,2000,Red,84002
424,2022-05-25,"Glover, Bednar and Crist",BMW,7 Series,2003,Violet,60849
425,2018-01-13,Hansen-Mayer,Hyundai,Elantra,2005,Purple,62264
426,2021-08-13,"Bauch, Feil and Ebert",Audi,A4,2009,Fuscia,31283
427,2019-09-06,"Lubowitz, Morar and Gutkowski",Chevrolet,Express 1500,2001,Puce,91441
428,2018-12-02,"Wyman, Nitzsche and Runolfsdottir",Audi,TT,2006,Red,97552
429,2019-01-19,Wehner-Blick,Dodge,Durango,2004,Khaki,55286
430,2023-01-09,"Wuckert, McKenzie and Hansen",Bentley,Azure T,2010,Crimson,31246
431,2019-12-07,"Hand, Treutel and Wisoky",Scion,xD,2010,Purple,51282
432,2018-11-02,Corwin Group,Subaru,Forester,2003,Crimson,48191
433,2020-11-28,"Harber, Kilback and Watsica",Chevrolet,Silverado 3500,2002,Fuscia,92278
434,2022-04-11,Bosco-Gerlach,Lotus,Elise,2005,Indigo,18794
435,2019-08-27,Rice-Reichert,Isuzu,Hombre,1998,Goldenrod,29392
436,2022-04-24,Steuber Group,Ford,Bronco II,1989,Yellow,91103
437,2021-04-30,Harvey Group,Chevrolet,Prizm,2001,Puce,86140
438,2018-11-04,Schmidt-Hauck,Chevrolet,Corvette,1957,Goldenrod,93042
439,2022-05-17,Lemke-Muller,Mazda,929,1995,Maroon,89586
440,2021-04-25,"Schneider, Koss and Schroeder",Mazda,Miata MX-5,2003,Teal,92408
441,2020-05-03,Lynch LLC,Mitsubishi,Truck,1988,Aquamarine,22093
442,2020-02-17,"Bogan, Cummings and Hammes",Ford,Mustang,2011,Turquoise,93820
443,2019-07-04,"Blanda, Homenick and Fadel",BMW,550,2006,Yellow,37748
444,2021-12-08,Ward-Rogahn,Jaguar,S-Type,2001,Khaki,19693
445,2021-03-03,Pacocha Group,Nissan,Xterra,2011,Maroon,90559
446,2022-06-30,Little and Sons,Nissan,Maxima,2003,Teal,58122
447,2020-11-08,"Rutherford, Prohaska and Monahan",Volvo,C30,2010,Yellow,64230
448,2022-03-04,"Jenkins, McGlynn and Lynch",Lexus,HS,2011,Puce,27734
449,2021-12-30,"Smith, Hintz and Mosciski",BMW,M Roadster,2007,Mauv,93338
450,2019-10-08,Cole-Volkman,Chevrolet,Monte Carlo,1996,Green,37780
451,2021-11-07,Schoen Group,Dodge,Caliber,2007,Goldenrod,16020
452,2019-03-20,Rempel-Koelpin,Ford,F-Series,1996,Red,31191
453,2019-01-20,Schmitt Inc,Dodge,Sprinter,2009,Purple,74159
454,2022-06-18,Hyatt Group,GMC,Savana 2500,2000,Purple,72682
455,2019-04-07,"Shanahan, Collins and Schoen",Acura,RL,2012,Puce,16957
456,2020-11-18,"Roob, Stamm and Williamson",Ford,EXP,1984,Goldenrod,27718
457,2020-11-02,Kerluke-Ullrich,Buick,Regal,1996,Teal,72800
458,2022-09-14,"Witting, Ondricka and Corwin",Lamborghini,Countach,1990,Maroon,71045
459,2023-02-21,Sauer Group,Chevrolet,Cavalier,1996,Teal,33805
460,2021-09-17,Lesch Group,Chrysler,Sebring,2006,Yellow,56288
461,2021-10-21,Willms-Ratke,Honda,CR-X,1985,Crimson,71925
462,2022-01-14,Pollich Group,Volkswagen,Golf,2005,Turquoise,20100
463,2019-11-19,Koepp-Howell,Cadillac,STS-V,2008,Crimson,80910
464,2021-05-23,Ritchie Group,Acura,RL,2004,Fuscia,57844
465,2019-03-08,Cormier Inc,Toyota,Land Cruiser,1999,Pink,23981
466,2020-11-14,"Kshlerin, Pfeffer and Block",Mercury,Topaz,1994,Aquamarine,52813
467,2020-06-30,"Rau, Moen and Shields",GMC,Rally Wagon G3500,1995,Turquoise,85272
468,2022-10-27,Jacobs Inc,GMC,Savana 3500,2004,Aquamarine,70145
469,2022-04-11,Yost-Dietrich,Volvo,XC90,2008,Crimson,97976
470,2023-05-06,Halvorson-Willms,Chevrolet,LUV,1979,Indigo,25442
471,2021-07-08,"Leannon, Hoeger and Larkin",Kia,Sorento,2008,Red,31199
472,2021-12-31,Hane-Trantow,Dodge,Intrepid,2000,Aquamarine,92979
473,2019-10-02,"Mante, Zemlak and Douglas",Mercedes-Benz,SL-Class,1995,Red,75690
474,2020-12-14,"Rippin, Spencer and Wisozk",Suzuki,Reno,2005,Turquoise,89357
475,2019-07-16,"Schulist, White and Harvey",Audi,A4,2010,Purple,25986
476,2020-01-20,Ryan LLC,Infiniti,Q,2003,Aquamarine,19981
477,2019-07-02,Grant-Kovacek,Ford,Escort,2004,Aquamarine,25845
478,2018-08-03,Lakin and Sons,Nissan,Altima,1995,Pink,13362
479,2020-08-22,Heidenreich-Rogahn,Chevrolet,Suburban 2500,2000,Maroon,97971
480,2019-12-17,Parisian-Kuhlman,Suzuki,Swift,1999,Violet,80090
481,2023-01-14,Grady LLC,Oldsmobile,Cutlass Cruiser,1994,Purple,78656
482,2022-04-14,Mohr-Schimmel,Ford,E-Series,2001,Indigo,15985
483,2018-08-09,"Kuhic, Barrows and Borer",Ford,EXP,1987,Yellow,38854
484,2020-02-28,Howell-Spinka,Dodge,Ram Van 1500,1998,Indigo,37772
485,2021-10-26,"Conn, Johns and Wyman",Buick,Century,2001,Teal,82121
486,2021-06-20,"Ullrich, Schiller and Kohler",Chevrolet,Astro,1997,Violet,27201
487,2021-01-20,Thiel-Smitham,Chevrolet,Monte Carlo,2003,Turquoise,64560
488,2021-12-30,"Hahn, Hettinger and Gutkowski",Chevrolet,Camaro,1994,Green,42940
489,2019-11-11,Fay-Schultz,Isuzu,Amigo,1993,Turquoise,29495
490,2022-11-04,"Abbott, Carter and Hegmann",Hyundai,Scoupe,1993,Orange,73362
491,2019-12-25,Denesik and Sons,Bentley,Continental Flying Spur,2008,Goldenrod,64935
492,2020-05-11,Lueilwitz-Kuhic,Mitsubishi,Galant,1996,Purple,77473
493,2023-05-11,"Gottlieb, Daniel and Conroy",Oldsmobile,Aurora,1998,Red,19359
494,2021-04-07,"Bruen, Boehm and Jones",Chevrolet,Suburban 2500,2008,Yellow,34643
495,2020-06-13,Ankunding-Okuneva,Cadillac,Eldorado,2001,Purple,12857
496,2018-05-31,Morar Inc,Subaru,Leone,1988,Maroon,50661
497,2018-09-10,"Keebler, Bayer and Parker",Jeep,Wrangler,1999,Khaki,31079
498,2022-04-09,Rolfson-Muller,Ford,Explorer,1998,Aquamarine,25596
499,2020-07-02,Schamberger Group,Lincoln,MKS,2010,Purple,20505
500,2022-02-10,Durgan-Streich,Pontiac,Grand Am,1994,Red,32393
501,2021-07-24,"Moen, Grant and Mann",Saturn,Aura,2009,Mauv,40385
502,2019-08-25,"McGlynn, Effertz and Robel",Pontiac,GTO,1974,Goldenrod,82361
503,2023-01-31,Bode and Sons,Jeep,Wrangler,2000,Khaki,36360
504,2018-11-03,Lowe LLC,Pontiac,Grand Prix,1987,Orange,58133
505,2021-06-20,"Shields, Gerlach and Tromp",GMC,Envoy XL,2006,Aquamarine,83988
506,2022-08-10,Skiles and Sons,Volvo,V40,2001,Khaki,81385
507,2020-06-07,McKenzie LLC,Porsche,Cayenne,2005,Blue,10163
508,2018-04-25,"Ryan, Hoeger and Hand",Lexus,LFA,2012,Blue,24739
509,2022-08-24,Walsh-Flatley,Porsche,911,2011,Pink,53794
510,2020-09-15,Bergnaum LLC,Porsche,911,1995,Violet,35023
511,2018-12-12,Feil Group,Nissan,Titan,2006,Khaki,67855
512,2022-12-08,"Beer, Torphy and Doyle",Chrysler,PT Cruiser,2010,Fuscia,79165
513,2021-06-15,Terry Inc,Jeep,Compass,2012,Mauv,12056
514,2022-06-29,"Stark, Deckow and Koepp",Mazda,Mazda6,2011,Khaki,82182
515,2018-05-14,"Ruecker, Rolfson and Harvey",Porsche,Cayenne,2004,Orange,68649
516,2022-09-07,"Rempel, Kuvalis and Goldner",Subaru,SVX,1993,Red,65371
517,2018-07-18,Flatley-Waters,Cadillac,Escalade,2002,Fuscia,76935
518,2021-05-24,Schoen Group,Saturn,S-Series,1993,Orange,87286
519,2023-02-03,"Bode, Brown and Botsford",Mercedes-Benz,W201,1989,Yellow,41254
520,2020-11-25,"Bergstrom, Littel and Glover",Ford,Escape,2012,Goldenrod,60265
521,2023-05-03,"Lesch, Kunze and Jacobs",GMC,Envoy XUV,2004,Blue,65981
522,2018-07-16,Nader-Cruickshank,Nissan,Frontier,2008,Fuscia,53156
523,2018-01-02,Stracke Inc,Chevrolet,Silverado 1500,2003,Violet,45219
524,2022-02-05,Treutel LLC,Volvo,S90,1997,Crimson,33195
525,2018-10-10,Heidenreich-Turcotte,Volkswagen,rio,1996,Khaki,30707
526,2022-08-04,"McLaughlin, Kuvalis and Friesen",Volkswagen,Jetta,1984,Green,97403
527,2019-03-13,Beier-Blanda,Porsche,944,1989,Mauv,33104
528,2018-03-02,Durgan-Bode,GMC,Sierra 1500,2007,Pink,89214
529,2019-11-24,Graham Inc,Chrysler,LHS,1999,Mauv,81152
530,2019-09-22,"Lynch, Blick and Robel",Nissan,200SX,1995,Violet,91041
531,2018-02-16,"Schowalter, Quitzon and Kris",Chevrolet,Camaro,1974,Yellow,28108
532,2018-04-19,Koch-Bosco,Ford,Aerostar,1986,Purple,41466
533,2022-01-21,"Dickinson, Schaefer and Wisoky",Chevrolet,Beretta,1996,Purple,16577
534,2020-04-07,Schulist-Bins,Toyota,4Runner,1997,Fuscia,87337
535,2022-02-15,Bechtelar-Hermann,Mazda,MX-6,1992,Aquamarine,54290
536,2020-07-25,Kiehn-Koss,Bentley,Arnage,2007,Fuscia,62165
537,2020-03-19,Cole Group,Plymouth,Voyager,1997,Blue,75615
538,2018-03-11,"Bruen, Rice and Weber",Porsche,Boxster,1998,Purple,80668
539,2022-05-16,"Weimann, Gulgowski and Stoltenberg",Cadillac,Escalade,2008,Goldenrod,82542
540,2020-08-02,Hilpert-Bashirian,Lamborghini,Gallardo,2004,Teal,14114
541,2018-02-03,Kub LLC,Buick,LeSabre,1994,Indigo,96905
542,2022-10-14,Funk and Sons,Chevrolet,Express,2008,Fuscia,24464
543,2020-05-06,Herzog-Pfeffer,Pontiac,Grand Am,2005,Fuscia,77888
544,2022-12-19,Deckow-Lehner,Volvo,XC70,2009,Pink,10753
545,2022-06-19,O'Reilly LLC,Audi,TT,2003,Orange,88267
546,2022-05-12,Kessler Inc,Hummer,H1,2000,Red,24113
547,2019-08-16,Hand-Bogan,Ford,F-Series,2001,Turquoise,74435
548,2020-08-02,"Bechtelar, Hickle and Fay",Chevrolet,2500,1999,Teal,77911
549,2018-06-08,Schowalter LLC,Ford,LTD Crown Victoria,1986,Maroon,48939
550,2018-03-24,O'Keefe-Bradtke,Buick,Skylark,1994,Maroon,49847
551,2019-02-11,Brakus-Blick,Ford,Taurus,2011,Crimson,77409
552,2019-09-16,Waelchi-Zieme,Nissan,Quest,2009,Purple,68787
553,2022-04-04,Wuckert Group,Chevrolet,Tahoe,2001,Fuscia,75587
554,2022-01-23,Lang Group,Mitsubishi,Raider,2008,Teal,15207
555,2020-06-15,Mills-Durgan,Lincoln,LS,2004,Puce,15646
556,2021-07-27,Hagenes LLC,Hummer,H2,2005,Aquamarine,22668
557,2019-08-24,Mann Group,Pontiac,GTO,1966,Orange,84040
558,2022-03-22,Rolfson Group,Mercedes-Benz,E-Class,2004,Red,90550
559,2018-12-24,Bins-Kertzmann,Buick,Regal,1985,Aquamarine,28226
560,2020-12-27,"Kuphal, O'Connell and Herman",Chevrolet,Sportvan G10,1993,Purple,61634
561,2019-02-26,"Hoeger, Witting and Lockman",Audi,RS6,2003,Orange,69559
562,2023-03-11,Koelpin-Funk,Mercury,Milan,2006,Maroon,46978
563,2023-04-18,"Crooks, Lind and Hills",Lamborghini,Murci√©lago,2008,Maroon,45802
564,2023-01-21,"Ruecker, Lemke and Runolfsson",Jaguar,XJ Series,2004,Blue,64065
565,2022-04-19,Renner-Pfannerstill,Volvo,S80,2005,Teal,52376
566,2019-10-21,"Zulauf, Prosacco and Gulgowski",Nissan,Altima,2013,Maroon,68953
567,2020-10-16,"Koss, Sawayn and Luettgen",Pontiac,GTO,1971,Crimson,70336
568,2022-08-08,"Batz, Bayer and Balistreri",Pontiac,GTO,1971,Khaki,24336
569,2019-09-05,Vandervort Inc,GMC,Sierra 3500HD,2006,Pink,45066
570,2020-09-13,"Beier, Pacocha and Rutherford",BMW,5 Series,2006,Turquoise,75892
571,2019-08-26,Kassulke Group,Toyota,Celica,1976,Maroon,80075
572,2022-12-04,Kirlin Inc,Chevrolet,Colorado,2009,Fuscia,28187
573,2020-07-03,"Cronin, Rippin and Adams",Volkswagen,Jetta,2001,Mauv,35382
574,2018-09-18,"Brekke, Lehner and Doyle",Ford,Excursion,2002,Fuscia,23570
575,2022-08-06,Schumm LLC,Acura,TL,2006,Teal,52552
576,2019-01-17,"Hartmann, Muller and Bailey",Jaguar,S-Type,2006,Crimson,61782
577,2022-11-11,Veum Group,Jeep,Cherokee,1998,Aquamarine,88707
578,2020-07-06,Kirlin-Maggio,Maybach,62,2012,Crimson,41628
579,2018-10-03,"Moen, Stehr and Torp",Kia,Sedona,2009,Red,24987
580,2022-08-12,"Cruickshank, VonRueden and Parker",Ford,Bronco,1992,Pink,29015
581,2022-05-04,"Oberbrunner, Gerlach and Abbott",Chrysler,LHS,1996,Aquamarine,91298
582,2020-02-13,"Rowe, Farrell and Klocko",Pontiac,Vibe,2006,Indigo,30772
583,2022-11-15,Kris-Franecki,Nissan,Titan,2011,Aquamarine,65378
584,2019-01-22,Mueller-Turner,Dodge,Ram 2500,1997,Puce,12586
585,2022-02-26,Breitenberg-Rath,Mercedes-Benz,600SL,1993,Indigo,89038
586,2019-07-28,Block and Sons,Ford,F250,1994,Aquamarine,26827
587,2023-02-19,Cartwright LLC,Aston Martin,DB9 Volante,2006,Violet,96445
588,2019-07-06,Dibbert-Murray,Saturn,Relay,2006,Indigo,98299
589,2020-10-30,Kerluke-Ledner,BMW,530,2004,Mauv,41390
590,2022-04-27,Ziemann Group,Ford,Tempo,1985,Crimson,64732
591,2019-07-24,"Donnelly, Watsica and Skiles",Audi,90,1989,Pink,34407
592,2021-06-23,Smith Group,Lamborghini,Gallardo,2003,Maroon,88313
593,2021-06-27,Hermann-Jacobs,Mercedes-Benz,600SEL,1993,Pink,19682
594,2021-07-12,Kovacek Inc,Mazda,Mazda3,2007,Yellow,97293
595,2021-01-01,Dicki Inc,Honda,CR-V,1997,Crimson,83264
596,2022-09-06,Pagac Inc,Chevrolet,Cobalt,2010,Green,24899
597,2019-09-29,Fay-Streich,Cadillac,Seville,2003,Violet,65323
598,2021-04-06,"Greenholt, Harber and Paucek",Volkswagen,Golf,1995,Violet,93927
599,2018-02-20,"Kreiger, Jacobson and Stamm",Chevrolet,Suburban 2500,2001,Fuscia,12269
600,2018-08-13,Hettinger LLC,Subaru,Justy,1993,Pink,88034
601,2021-08-20,"O'Connell, West and Wuckert",Isuzu,Rodeo,1992,Purple,46907
602,2020-04-24,Lueilwitz-Christiansen,Mazda,B-Series,1989,Turquoise,26830
603,2022-03-16,Weissnat and Sons,Ford,Probe,1997,Pink,22462
604,2021-05-11,"Wolff, Beahan and Waters",GMC,Jimmy,1998,Violet,78331
605,2018-11-16,Schamberger-Maggio,Infiniti,Q,2002,Purple,62353
606,2021-07-18,Ratke-Runte,Dodge,Grand Caravan,2000,Violet,89971
607,2019-08-30,"Nader, Hartmann and Murphy",Volkswagen,Scirocco,1987,Turquoise,80791
608,2022-11-13,Tillman-Lakin,Chrysler,PT Cruiser,2004,Maroon,42519
609,2018-06-03,Parisian-Lesch,Isuzu,Hombre,1996,Khaki,54824
610,2020-12-28,Toy LLC,Ford,Festiva,1990,Purple,91799
611,2022-01-27,Hamill-Shields,Geo,Prizm,1994,Crimson,79905
612,2019-09-12,Kulas Inc,Buick,Rainier,2005,Yellow,85335
613,2020-06-27,Larkin-Kling,Infiniti,Q,2000,Fuscia,25310
614,2021-03-26,Kirlin Inc,Ford,Expedition EL,2009,Fuscia,96633
615,2020-07-10,Fisher Inc,Mitsubishi,Montero,2000,Yellow,90804
616,2023-04-09,Deckow Inc,Audi,Allroad,2003,Purple,26418
617,2021-07-26,"Hermiston, West and Kunde",Mitsubishi,Sigma,1990,Red,91471
618,2020-05-07,"Howell, Considine and Moen",Infiniti,Q,1992,Teal,75464
619,2023-03-23,O'Kon-Walsh,Ford,F250,2008,Turquoise,64560
620,2021-01-29,"Roberts, Rodriguez and Gibson",Nissan,Versa,2007,Teal,84471
621,2021-09-08,"Kassulke, Hartmann and Breitenberg",Nissan,Murano,2009,Crimson,89799
622,2019-01-03,"Abbott, Funk and Braun",Mazda,MPV,2004,Yellow,30574
623,2020-01-18,Metz-Simonis,Isuzu,Impulse,1992,Yellow,32285
624,2021-01-14,McCullough-McClure,Ford,Explorer,2004,Pink,73391
625,2019-10-10,Mueller and Sons,Buick,LeSabre,1988,Fuscia,80990
626,2019-08-13,Kuhic Group,Volvo,S60,2003,Purple,88646
627,2023-04-13,"Towne, Nienow and Kertzmann",Saab,9-7X,2009,Khaki,58185
628,2020-06-11,"Langosh, Larson and Feil",BMW,M,2002,Aquamarine,46250
629,2022-07-25,"Grant, Ondricka and Kulas",Audi,RS4,2008,Maroon,46419
630,2020-05-31,Sipes-Larson,Dodge,Dakota,2002,Red,15228
631,2020-11-29,Wiegand-Nicolas,Volkswagen,Passat,2004,Khaki,78804
632,2018-01-21,"Stehr, Bahringer and Durgan",BMW,M3,2003,Maroon,85971
633,2022-09-29,Tromp-Hintz,Ford,Taurus,1989,Indigo,17380
634,2019-08-24,"Grimes, Walker and Mertz",Dodge,Dakota Club,2007,Turquoise,23595
635,2021-10-22,Fadel-Ziemann,Chevrolet,Express 3500,2008,Yellow,70584
636,2020-02-23,Lang-Simonis,GMC,Terrain,2010,Crimson,52656
637,2019-07-27,Morar-O'Connell,Buick,Estate,1989,Red,63913
638,2022-04-20,"Crist, Upton and Gutkowski",Volkswagen,Touareg,2008,Mauv,46870
639,2019-05-25,Heidenreich and Sons,Chrysler,Concorde,1996,Goldenrod,98828
640,2020-04-27,Kuvalis-Williamson,Chevrolet,Cavalier,1993,Red,11339
641,2018-12-09,"Mosciski, Cole and Mraz",Ford,Windstar,1996,Khaki,22342
642,2023-05-07,Glover-Reilly,GMC,Canyon,2009,Khaki,80312
643,2018-05-03,"Wiegand, Marquardt and Schmeler",GMC,Sierra 1500,2013,Indigo,75838
644,2020-10-14,Kertzmann-Feest,Pontiac,Bonneville,1984,Crimson,69199
645,2021-10-08,Kovacek LLC,Buick,Park Avenue,2003,Pink,81377
646,2022-06-03,Hettinger-Gibson,Volvo,C70,2009,Aquamarine,15217
647,2021-10-18,"McLaughlin, Boehm and Ullrich",Chevrolet,Camaro,1985,Mauv,53890
648,2019-07-10,O'Kon-Langworth,Chevrolet,Silverado 1500,2006,Purple,53910
649,2022-09-19,"Graham, Nitzsche and Collier",Dodge,Grand Caravan,2003,Green,91125
650,2018-11-20,"Herzog, Cormier and Sanford",Infiniti,I,1999,Indigo,27973
651,2021-04-26,Pacocha and Sons,Scion,xD,2010,Red,79931
652,2022-06-02,Wilkinson-Cummings,Chevrolet,Express 1500,2004,Blue,71314
653,2022-03-18,"Howell, Johnson and Hintz",Dodge,Neon,1999,Yellow,46782
654,2021-12-28,Stroman Inc,Nissan,Maxima,2005,Yellow,59985
655,2018-05-13,Olson-Paucek,Chevrolet,Camaro,1974,Orange,58925
656,2018-07-30,"Nader, Kub and Kiehn",Isuzu,VehiCROSS,2001,Puce,13123
657,2021-12-30,Considine Group,BMW,5 Series,2012,Indigo,53778
658,2018-03-06,Anderson LLC,Infiniti,QX,2010,Pink,74610
659,2022-07-10,Hane-Beier,Aptera,Typ-1,2009,Red,79756
660,2019-01-21,Davis LLC,Mitsubishi,Excel,1989,Indigo,69469
661,2018-05-19,"Ullrich, Schowalter and Kirlin",Lincoln,Continental,1989,Indigo,45827
662,2022-06-01,Shields Inc,Lexus,IS,2003,Orange,97947
663,2021-07-14,Littel Inc,Lexus,LX,2002,Orange,62296
664,2018-06-01,Kulas-Denesik,Subaru,Impreza,1999,Crimson,87230
665,2022-09-19,Robel-Hills,Jaguar,S-Type,2006,Fuscia,22439
666,2020-07-08,Fadel-Schmidt,Cadillac,Escalade,2003,Pink,52494
667,2020-08-08,"Huel, Nolan and Gerhold",BMW,745,2005,Indigo,93298
668,2018-08-17,Sauer Inc,Mercedes-Benz,C-Class,2005,Goldenrod,74609
669,2019-06-14,Cole and Sons,Buick,Electra,1987,Goldenrod,61051
670,2022-08-10,Kreiger-Yundt,Hyundai,Sonata,2013,Pink,85865
671,2020-10-02,Murphy Inc,Ford,Crown Victoria,2009,Aquamarine,38588
672,2022-12-10,"Ortiz, Keeling and Schaden",Suzuki,Sidekick,1995,Yellow,83147
673,2022-04-02,Douglas-Ullrich,Chrysler,LHS,1997,Blue,19965
674,2020-05-16,Goodwin Inc,Dodge,Durango,2009,Puce,11086
675,2020-01-20,Jenkins-Kuhic,Ford,Taurus,2012,Mauv,56731
676,2019-05-01,"Bayer, Bednar and McClure",Jeep,Grand Cherokee,1993,Maroon,98829
677,2020-12-19,"Kiehn, Treutel and Zemlak",Oldsmobile,98,1995,Green,47442
678,2021-06-14,Schimmel LLC,Maybach,57,2010,Blue,18748
679,2018-06-02,Kshlerin and Sons,Audi,TT,2010,Orange,28390
680,2018-07-24,Roberts-Metz,Land Rover,Range Rover Sport,2010,Khaki,70375
681,2022-09-06,"Wyman, Prohaska and Schuster",Dodge,Daytona,1992,Turquoise,92730
682,2021-01-31,"Wiza, Sipes and Koch",Plymouth,Sundance,1992,Teal,71978
683,2022-08-16,Feeney-Weber,Pontiac,G3,2010,Violet,71666
684,2018-03-21,"Schoen, Maggio and Farrell",Toyota,Supra,1998,Blue,99202
685,2021-03-06,"Lehner, Ritchie and Halvorson",Ford,F250,2003,Mauv,23594
686,2018-10-04,Osinski and Sons,Mazda,626,2000,Violet,76878
687,2018-07-13,Kessler and Sons,Scion,tC,2013,Yellow,85741
688,2020-05-31,Mante-Lowe,Cadillac,Escalade EXT,2012,Purple,80792
689,2020-12-14,Runolfsson-Roob,Cadillac,Escalade ESV,2005,Violet,91892
690,2020-05-06,Quitzon-Brown,Volkswagen,Jetta,2004,Goldenrod,62126
691,2019-06-06,"Cummings, McKenzie and Boyle",BMW,X3,2012,Violet,86676
692,2022-04-29,Sporer and Sons,Chevrolet,Aveo,2010,Puce,65102
693,2021-09-30,Cruickshank LLC,Nissan,240SX,1994,Purple,89892
694,2022-03-10,Batz-Pagac,Ford,Transit Connect,2010,Puce,38529
695,2022-08-04,Yost LLC,Mercedes-Benz,500SL,1993,Fuscia,12361
696,2018-11-20,"Miller, Labadie and Schimmel",Mercedes-Benz,500SL,1993,Aquamarine,50482
697,2021-05-23,"Klocko, Bechtelar and Carroll",Dodge,Shadow,1994,Crimson,57989
698,2021-11-27,"Goldner, Aufderhar and Reinger",Mazda,626,1988,Khaki,62158
699,2021-08-27,"McGlynn, Ritchie and Predovic",Mazda,626,1994,Puce,67546
700,2018-10-13,"Konopelski, Cronin and Nolan",Saturn,VUE,2003,Crimson,27211
701,2018-01-30,Pollich-Blick,Suzuki,Swift,1996,Puce,67971
702,2020-06-11,"Nicolas, Koelpin and Kautzer",Land Rover,Discovery,2011,Purple,50333
703,2019-05-29,"Reynolds, Grady and Schaefer",Hyundai,Elantra,1995,Purple,31016
704,2022-10-09,Huel and Sons,Ford,Laser,1989,Violet,52118
705,2022-10-21,"Larkin, Zemlak and Corwin",Chevrolet,Sportvan G30,1992,Turquoise,93857
706,2020-03-09,Baumbach-Rolfson,Pontiac,LeMans,1967,Khaki,92691
707,2021-01-25,Prohaska Group,GMC,Savana 1500,1999,Indigo,52982
708,2020-04-23,"McCullough, Padberg and Berge",GMC,Sonoma Club Coupe,1997,Fuscia,86709
709,2022-07-17,Gulgowski Inc,Maybach,57S,2005,Orange,68562
710,2018-06-26,Ullrich and Sons,Mitsubishi,Galant,1999,Blue,16398
711,2018-03-31,Waelchi LLC,Cadillac,DeVille,1996,Orange,28970
712,2023-01-03,"Gottlieb, Haley and Pacocha",Lexus,SC,2008,Puce,81125
713,2023-03-15,Conn and Sons,Dodge,Viper,1997,Mauv,40293
714,2022-06-08,Spencer and Sons,Kia,Rio,2004,Green,52114
715,2021-03-06,Boehm and Sons,Oldsmobile,88,1995,Pink,33619
716,2019-03-30,Harvey-Cronin,Isuzu,Space,1994,Khaki,95662
717,2021-07-30,Stracke Inc,Toyota,RAV4,1997,Mauv,70009
718,2020-04-09,Upton Group,Volkswagen,Tiguan,2009,Teal,86654
719,2019-04-07,McGlynn LLC,Volkswagen,Golf,1995,Green,30797
720,2021-02-02,Rice Group,GMC,Sierra 2500,2002,Pink,42622
721,2018-09-04,"Schoen, Boehm and Koch",Buick,LeSabre,1999,Purple,64766
722,2019-03-23,Kirlin-Heidenreich,Ford,Econoline E250,1996,Teal,99654
723,2019-11-28,Morissette-Auer,Ford,Escort,1999,Turquoise,89383
724,2022-02-19,Heidenreich-DuBuque,Porsche,Cayman,2012,Maroon,86544
725,2018-10-07,Lowe Group,Ford,Windstar,2001,Green,14408
726,2019-11-16,"Erdman, Hegmann and Gulgowski",BMW,X3,2009,Fuscia,55513
727,2022-12-18,Ruecker Inc,Jeep,Patriot,2011,Violet,78412
728,2021-01-22,Armstrong Group,Subaru,Impreza,2002,Aquamarine,81039
729,2021-04-11,Cummings-Mayer,Ford,Escape,2005,Khaki,41067
730,2020-07-02,McGlynn and Sons,GMC,Sierra 1500,2005,Mauv,54890
731,2023-02-17,Kilback-Maggio,Audi,4000,1987,Aquamarine,17118
732,2018-10-28,Senger and Sons,Dodge,Ram 3500,1998,Yellow,30994
733,2021-03-04,Emard-Beier,Chevrolet,Sportvan G30,1992,Green,45139
734,2019-02-08,"Gorczany, Fay and Satterfield",Lincoln,MKX,2007,Purple,63828
735,2019-01-23,Gerlach and Sons,Buick,Enclave,2009,Mauv,14701
736,2018-10-13,Mante-Schmidt,Volvo,S60,2001,Yellow,14080
737,2022-08-30,Hessel-Kerluke,Ford,Club Wagon,1997,Mauv,16717
738,2020-10-14,"Crona, Beier and Walter",Volkswagen,Routan,2009,Crimson,33685
739,2022-09-11,"Huels, Turcotte and Rowe",BMW,Z4,2010,Yellow,57023
740,2019-08-21,Greenholt Inc,Chrysler,LHS,1999,Khaki,36847
741,2019-06-11,Stoltenberg and Sons,Toyota,FJ Cruiser,2009,Mauv,92280
742,2020-04-12,DuBuque-MacGyver,Dodge,Neon,1997,Maroon,14945
743,2022-02-19,Jacobs-Cremin,Toyota,Truck Xtracab SR5,1989,Orange,73132
744,2022-05-15,Robel-Gibson,Audi,A6,1997,Pink,82567
745,2020-09-18,Volkman-O'Connell,Honda,Accord,2012,Blue,38082
746,2019-05-24,Rutherford and Sons,Hummer,H2 SUV,2006,Yellow,54088
747,2020-09-25,"Bauch, Oberbrunner and Watsica",Oldsmobile,Silhouette,2004,Indigo,73609
748,2021-01-13,Jacobs LLC,Nissan,Maxima,2004,Turquoise,52545
749,2018-08-07,Goyette Inc,Mercury,Sable,2004,Yellow,59389
750,2022-07-10,Hirthe-Swift,Plymouth,Neon,1999,Fuscia,86031
751,2019-09-30,"Grady, Watsica and Spinka",Volvo,850,1994,Yellow,67962
752,2020-03-24,Marks-Wehner,Dodge,Ram Van B250,1993,Goldenrod,92620
753,2020-11-25,"Fritsch, Renner and Feeney",Audi,A8,1998,Fuscia,48635
754,2021-11-09,Howe-Ledner,Chevrolet,Malibu,2009,Blue,57375
755,2022-06-08,"Hills, Hoppe and Larson",Ford,Explorer,2001,Red,65148
756,2023-01-29,Rutherford-Mitchell,Chevrolet,Classic,2005,Maroon,84517
757,2021-01-15,Bartoletti LLC,Ford,Falcon,1966,Red,27037
758,2020-11-05,"Johnston, Krajcik and Stroman",Nissan,350Z,2005,Crimson,94709
759,2020-01-13,"Robel, Nitzsche and Fritsch",Subaru,Brat,1985,Mauv,19783
760,2022-09-07,Leuschke LLC,Rolls-Royce,Phantom,2010,Goldenrod,38758
761,2021-06-21,"Ondricka, Bergnaum and Willms",Audi,5000S,1988,Blue,46805
762,2018-02-27,Feeney and Sons,Toyota,Sequoia,2007,Goldenrod,91018
763,2020-01-29,"Parker, Grimes and Windler",Mitsubishi,Endeavor,2008,Maroon,14308
764,2018-02-26,"Abernathy, Jenkins and Parisian",Maserati,Quattroporte,2008,Maroon,55589
765,2023-02-13,"Dooley, Dooley and Quigley",Pontiac,1000,1985,Puce,53157
766,2019-03-02,Spencer and Sons,Mitsubishi,Excel,1989,Green,16874
767,2018-12-16,"Blanda, Lindgren and Homenick",Nissan,370Z,2011,Aquamarine,21830
768,2020-01-05,"Metz, Douglas and Russel",Pontiac,Daewoo Kalos,2005,Green,28804
769,2018-05-16,Abernathy Group,Isuzu,Hombre,1997,Yellow,65000
770,2020-01-06,"Roob, Rodriguez and Tremblay",Dodge,Ram 3500 Club,1995,Goldenrod,97094
771,2023-02-18,"Moore, Klein and Carroll",Ford,Crown Victoria,1995,Purple,49214
772,2018-07-05,Brakus-McGlynn,Maserati,Coupe,2005,Violet,74807
773,2021-11-07,"Jacobs, Pacocha and Jast",Pontiac,Bonneville,1993,Red,88656
774,2022-12-27,"Dibbert, McClure and Bartell",BMW,M Roadster,2008,Orange,34012
775,2022-07-31,Johns LLC,Ford,Flex,2012,Yellow,95449
776,2020-07-02,Fritsch-O'Connell,Nissan,Pathfinder,2011,Maroon,49350
777,2018-05-27,Gottlieb-Murazik,Honda,Odyssey,2005,Turquoise,60006
778,2018-04-27,Ritchie and Sons,Kia,Rio,2011,Blue,88545
779,2020-12-29,Cummings LLC,Mazda,626,1992,Mauv,24129
780,2022-07-22,"Nitzsche, Rice and Moore",Chevrolet,Corvette,2012,Khaki,71314
781,2018-11-17,Smith Inc,Cadillac,Seville,2001,Maroon,63659
782,2018-09-06,"King, Von and Shields",Hyundai,Genesis Coupe,2011,Yellow,35036
783,2020-11-20,Schmeler Inc,Kia,Rio,2004,Turquoise,18040
784,2021-01-13,"Marvin, Goyette and Zieme",Land Rover,Freelander,2010,Pink,73611
785,2018-04-03,"Ruecker, Hauck and Boyer",Toyota,RAV4,2000,Khaki,37273
786,2022-06-11,Batz-Lakin,Buick,Coachbuilder,1993,Yellow,58734
787,2019-09-04,"Spinka, Yost and Altenwerth",Buick,Century,2005,Green,46951
788,2021-01-13,Wuckert-Christiansen,Mercedes-Benz,CLK-Class,2001,Purple,38033
789,2020-03-05,Barrows Group,Pontiac,Aztek,2004,Indigo,35246
790,2021-10-10,Schuster-Sporer,Isuzu,Hombre,1998,Pink,88677
791,2021-01-26,Homenick and Sons,Dodge,Dynasty,1993,Orange,93994
792,2019-05-29,Olson-Upton,Pontiac,Firebird,1992,Maroon,39060
793,2019-11-23,"Torphy, Stanton and Schmitt",BMW,5 Series,2008,Goldenrod,55700
794,2022-08-18,"Lockman, Gottlieb and Will",Mitsubishi,Outlander,2010,Goldenrod,87185
795,2019-08-04,Paucek-Purdy,Acura,Integra,1993,Blue,77349
796,2019-11-12,Jacobson-Quitzon,Hyundai,HED-5,2012,Orange,63816
797,2022-08-30,Pfeffer-Vandervort,Mercedes-Benz,E-Class,1998,Pink,17215
798,2019-04-30,"Homenick, Hamill and Dickens",Chevrolet,Camaro,1981,Green,96621
799,2021-07-04,Wisozk-Cronin,Saab,9-5,2003,Khaki,78948
800,2018-01-21,Kohler Inc,Mazda,MX-5,2007,Blue,51096
801,2019-09-06,"Stamm, Effertz and O'Hara",Ford,Explorer,1991,Green,35162
802,2018-10-20,Romaguera-Dibbert,Isuzu,Rodeo,1993,Violet,96330
803,2021-11-10,Olson Inc,Ford,Escape,2008,Mauv,63299
804,2022-03-24,"McGlynn, Heller and Bailey",GMC,Safari,1995,Khaki,65614
805,2018-07-02,"Johns, Kihn and Senger",Chevrolet,3500,2000,Teal,48642
806,2023-03-31,"Hirthe, Rogahn and Kiehn",BMW,5 Series,2004,Orange,39606
807,2019-01-25,"D'Amore, Wisozk and Braun",Audi,4000s,1986,Puce,92053
808,2020-11-06,Casper Inc,Lincoln,MKX,2008,Khaki,75065
809,2020-08-14,"Terry, Cummings and Mills",Chevrolet,3500,2000,Violet,99838
810,2021-08-31,"Emard, Altenwerth and Reynolds",BMW,M Roadster,2006,Fuscia,41914
811,2022-02-18,"Russel, Bernier and Torphy",Mazda,RX-7,1994,Orange,45722
812,2018-12-29,"Schumm, Prosacco and Rath",Aptera,Typ-1,2008,Pink,22830
813,2021-08-07,Hettinger-Heathcote,Rolls-Royce,Phantom,2012,Blue,53823
814,2022-12-10,"Wilkinson, Mann and Bartoletti",Acura,TL,2010,Crimson,82544
815,2019-09-01,"Romaguera, Carroll and Parker",Holden,VS Commodore,1997,Yellow,98242
816,2022-05-21,Schroeder Inc,Pontiac,GTO,2006,Turquoise,30567
817,2022-06-05,"Dach, Hermann and Kulas",Plymouth,Breeze,1998,Yellow,29447
818,2022-01-05,Nienow-Fadel,Audi,A6,2007,Violet,34380
819,2018-04-27,"Kautzer, Mayer and Kulas",Ford,Focus,2011,Teal,49106
820,2022-11-27,Zieme-Crist,MINI,Cooper,2005,Orange,60689
821,2019-12-24,"Buckridge, D'Amore and Kautzer",Toyota,Tercel,1996,Turquoise,34853
822,2022-11-01,"Von, Stark and Lynch",Audi,A5,2008,Orange,23081
823,2018-09-25,"Cummerata, Hessel and Howe",Mercedes-Benz,SL-Class,1992,Maroon,92594
824,2019-05-01,Volkman Inc,GMC,Yukon,1994,Red,78104
825,2019-04-29,Senger-Cummings,GMC,Suburban 2500,1996,Turquoise,58504
826,2022-02-09,"Predovic, Beatty and Ernser",Pontiac,Grand Prix,1995,Purple,42527
827,2018-09-06,Halvorson LLC,Toyota,Highlander,2002,Puce,32588
828,2019-07-25,"Trantow, Nicolas and Huel",Lamborghini,Gallardo,2012,Khaki,67452
829,2022-02-09,Zemlak-Schroeder,Pontiac,Firebird,1994,Orange,55740
830,2022-08-15,"Kunze, Fadel and Littel",Pontiac,Grand Prix,2001,Khaki,54924
831,2019-12-25,"Dibbert, Raynor and Bartell",Chevrolet,Bel Air,1967,Maroon,66440
832,2019-08-29,Lemke Inc,Nissan,Sentra,1991,Green,99261
833,2020-09-10,"Dach, Roob and Glover",Volvo,S80,2004,Green,23260
834,2022-09-21,"Treutel, Mayer and Tromp",Cadillac,DeVille,1994,Green,71860
835,2022-12-08,Sanford and Sons,Dodge,Dakota Club,2002,Mauv,47044
836,2020-06-20,Schaefer-Satterfield,Nissan,Altima,2003,Purple,21448
837,2022-10-12,Dickinson Group,Land Rover,Range Rover,2004,Puce,27707
838,2021-10-04,"Greenholt, Smitham and Monahan",Lexus,IS,2004,Crimson,44613
839,2018-11-06,Howell Inc,Volkswagen,Passat,1992,Blue,27279
840,2019-07-08,Wilkinson-Vandervort,Maybach,62,2005,Blue,94599
841,2022-11-27,"Schmidt, Bernier and Stracke",Audi,A4,1999,Violet,70648
842,2018-01-28,Heidenreich and Sons,Mercury,Villager,1998,Indigo,33004
843,2019-08-22,Weimann and Sons,Pontiac,Firebird,1991,Violet,63424
844,2019-05-31,Treutel-Trantow,Mitsubishi,Starion,1986,Goldenrod,26881
845,2021-01-16,"Abbott, Goldner and Maggio",Saab,900,1995,Indigo,20889
846,2018-04-09,Waters-Hilpert,BMW,X6,2010,Crimson,44376
847,2022-12-12,Hermann Inc,Chevrolet,Camaro,2010,Green,56128
848,2018-02-22,Willms and Sons,Ford,F350,2008,Purple,34336
849,2019-06-13,"Lowe, Weissnat and Blanda",Chrysler,Town & Country,1993,Khaki,41899
850,2020-10-23,Streich-Yundt,Pontiac,Bonneville,1985,Crimson,71710
851,2018-08-05,Zieme-Jenkins,Chevrolet,Tahoe,1997,Crimson,80889
852,2020-01-24,Cremin and Sons,Toyota,Land Cruiser,2006,Blue,30708
853,2018-06-14,MacGyver Group,GMC,Yukon XL 1500,2006,Purple,13398
854,2020-08-17,Steuber Group,Dodge,Ram Van B350,1993,Pink,42161
855,2020-12-22,Oberbrunner-Wintheiser,Volkswagen,Rabbit,2010,Goldenrod,51512
856,2020-03-09,Mertz Inc,Nissan,Leaf,2012,Orange,20302
857,2021-08-11,"Hirthe, Rodriguez and Douglas",Volvo,S60,2002,Fuscia,29234
858,2022-01-25,"Kovacek, Pfannerstill and Bergnaum",Hyundai,Veracruz,2011,Khaki,44740
859,2021-05-01,"Collins, Lueilwitz and Corwin",Ford,Taurus,2012,Puce,41832
860,2018-09-03,Mertz LLC,Mercury,Sable,2005,Crimson,44202
861,2018-10-06,Bogisich-Hermann,Pontiac,Bonneville,1965,Purple,29470
862,2019-03-04,Wuckert-Larson,GMC,Terrain,2010,Aquamarine,82604
863,2019-05-17,"Schmidt, Powlowski and Kemmer",Dodge,Caliber,2008,Orange,32124
864,2020-03-17,Kreiger-O'Hara,Dodge,Stratus,1999,Red,91900
865,2021-08-29,Bergnaum-Rowe,GMC,Savana 1500,2011,Green,94703
866,2021-12-04,"Ritchie, Brakus and Corkery",Oldsmobile,Bravada,2004,Violet,20972
867,2018-01-05,Leuschke-Jakubowski,Hyundai,Elantra,2009,Blue,78160
868,2018-12-05,Moen-Abbott,Honda,Civic,1990,Yellow,24164
869,2023-03-22,Breitenberg LLC,Honda,S2000,2000,Goldenrod,49212
870,2019-06-06,Ritchie-Schultz,Subaru,Leone,1988,Khaki,89753
871,2022-12-15,"Crona, Lynch and Walker",Nissan,350Z,2006,Fuscia,93496
872,2022-05-01,"O'Connell, Hauck and Greenfelder",Lexus,IS,2006,Green,65162
873,2021-03-16,"Tremblay, Gerlach and Lang",Audi,S8,2007,Green,30464
874,2018-05-23,"Wunsch, Hirthe and Schmidt",Spyker,C8 Spyder,2004,Fuscia,54197
875,2022-08-12,Murphy Inc,Studebaker,Avanti,1964,Fuscia,76866
876,2020-04-30,"Breitenberg, Goodwin and Franecki",Audi,A6,2012,Orange,44368
877,2021-06-26,"Willms, Ledner and Medhurst",Ford,Transit Connect,2013,Orange,77838
878,2022-07-22,Huel and Sons,Dodge,Charger,1969,Maroon,14069
879,2018-07-02,Jenkins Group,Nissan,Murano,2012,Indigo,10219
880,2018-10-23,"Schulist, Zieme and Douglas",Chevrolet,Blazer,1996,Crimson,91177
881,2019-11-12,"Macejkovic, Zulauf and Koepp",Mitsubishi,Expo,1995,Orange,84342
882,2018-01-18,Gerlach-McDermott,Lincoln,MKZ,2007,Crimson,21282
883,2019-03-15,"Simonis, Wolf and Price",Chrysler,LHS,1994,Violet,11036
884,2019-06-09,"Hermann, Kub and Hartmann",Pontiac,Grand Am,2005,Violet,77592
885,2023-02-20,McGlynn-Flatley,Chevrolet,Corvette,2003,Green,92319
886,2022-10-26,"Boehm, Schuppe and Bayer",Volkswagen,Rabbit,2007,Crimson,25801
887,2018-02-11,Simonis LLC,Ford,Escort,1990,Aquamarine,97080
888,2021-03-19,Corkery-Beatty,Hyundai,Tucson,2009,Indigo,50605
889,2021-04-15,"Schmeler, Kertzmann and Mitchell",Ford,Taurus,2002,Crimson,31629
890,2022-12-21,"Greenfelder, Abshire and Walter",Toyota,TundraMax,2007,Teal,88120
891,2018-06-06,"Turner, Johnston and Kirlin",Buick,Park Avenue,1992,Mauv,16479
892,2021-06-19,Abernathy Inc,Subaru,Legacy,2004,Aquamarine,37037
893,2022-11-27,Stark-Lesch,BMW,3 Series,2012,Puce,98763
894,2021-05-25,Russel Group,Ford,Mustang,1986,Puce,20066
895,2020-04-25,Zieme-Harvey,GMC,Savana 3500,2012,Turquoise,78514
896,2019-10-31,"Conroy, Grady and Sawayn",Mercedes-Benz,R-Class,2010,Green,80621
897,2018-01-30,"Kohler, Waelchi and Wolf",Chevrolet,Tahoe,1999,Puce,55968
898,2019-01-13,Schmitt Group,Buick,LeSabre,1990,Maroon,18236
899,2023-04-09,Kuhn and Sons,Saab,9-5,2009,Khaki,30791
900,2020-08-06,"Doyle, Keebler and Abbott",Buick,Rendezvous,2005,Turquoise,66898
901,2021-11-07,Bernhard-Stanton,GMC,Terrain,2011,Aquamarine,20698
902,2021-07-04,"Klein, Dickinson and Walter",Mercedes-Benz,GLK-Class,2012,Maroon,73683
903,2022-01-11,"Schimmel, Hickle and Stehr",Chevrolet,Camaro,2010,Khaki,29330
904,2018-10-11,"Streich, Bogisich and Harber",MINI,Cooper,2005,Green,70074
905,2021-12-26,"Hilpert, Kris and Quigley",Mercedes-Benz,SLK-Class,2000,Crimson,65008
906,2018-07-20,"Hessel, Hermann and Upton",BMW,X5,2006,Goldenrod,28111
907,2020-06-22,Adams-Schoen,Ford,Crown Victoria,1994,Green,84920
908,2021-10-29,Barrows-Littel,Mercedes-Benz,C-Class,1996,Goldenrod,58057
909,2023-04-23,"Keebler, Bauch and Schuster",Eagle,Vision,1996,Maroon,70421
910,2018-01-18,"Lind, Balistreri and Little",Acura,Vigor,1992,Maroon,51447
911,2022-02-07,O'Keefe LLC,Infiniti,QX,1998,Maroon,30506
912,2023-03-19,Smith and Sons,Honda,Fit,2007,Yellow,63302
913,2020-01-26,O'Conner LLC,Hyundai,Sonata,2002,Indigo,89344
914,2018-03-10,"Mraz, Windler and Nolan",Chevrolet,Cobalt SS,2009,Indigo,65816
915,2018-10-07,"Dach, Feeney and Aufderhar",Chevrolet,Express 3500,2000,Fuscia,30271
916,2022-11-26,Lubowitz-Heller,Mazda,626,1983,Mauv,97100
917,2019-04-30,Wunsch-Lebsack,Chevrolet,Tracker,2000,Red,36458
918,2022-05-01,"Sporer, Okuneva and Waelchi",Mitsubishi,Outlander,2007,Indigo,33908
919,2020-11-16,"Weissnat, Murazik and Jerde",Chevrolet,Corvette,2005,Mauv,62498
920,2018-11-08,Fritsch-Ullrich,Kia,Rondo,2007,Mauv,73102
921,2021-04-21,Shields and Sons,Honda,Insight,2002,Red,93182
922,2019-05-25,Klein LLC,BMW,M3,2003,Indigo,12933
923,2023-02-01,"Dickinson, Bradtke and Sipes",Honda,Civic,2004,Teal,11881
924,2019-06-26,Nikolaus Group,Mazda,B-Series,2005,Red,38917
925,2019-11-24,"Macejkovic, Johnston and Olson",Mazda,B-Series,2009,Mauv,11608
926,2022-05-18,Corkery LLC,Dodge,Ram 1500 Club,1997,Puce,39750
927,2021-09-12,"Rice, Barrows and D'Amore",Chevrolet,Venture,2005,Puce,10128
928,2023-05-01,"Fahey, King and Kessler",Mitsubishi,Lancer Evolution,2006,Orange,31933
929,2018-11-13,Schneider-Dooley,Ford,Focus,2008,Blue,60263
930,2022-08-06,Blick LLC,Chevrolet,Corvette,2000,Goldenrod,92090
931,2019-10-29,Prosacco and Sons,BMW,645,2005,Crimson,80160
932,2019-05-15,"Stamm, Bogan and Bauch",Bentley,Continental Flying Spur,2006,Turquoise,69337
933,2022-07-21,Cremin Group,Lotus,Esprit,1998,Violet,10340
934,2018-08-29,"Kessler, Becker and Gutmann",Hyundai,Veracruz,2007,Maroon,57646
935,2018-09-25,Kreiger Group,Mitsubishi,Lancer Evolution,2006,Blue,61223
936,2023-04-20,"Heathcote, Lesch and Flatley",Geo,Metro,1993,Mauv,88718
937,2022-05-06,Reinger Inc,Ford,Edge,2010,Mauv,40168
938,2022-05-12,Abernathy Group,Nissan,Xterra,2012,Red,32615
939,2021-05-21,Lebsack Group,Volvo,V50,2010,Fuscia,44880
940,2021-01-24,Walsh-Quitzon,Infiniti,Q,1998,Indigo,34766
941,2018-10-15,Willms-Casper,Infiniti,FX,2004,Aquamarine,46323
942,2021-09-16,Treutel-Bartoletti,Lotus,Esprit,1991,Pink,14037
943,2018-08-05,Keeling LLC,Chevrolet,Corvette,1956,Turquoise,43332
944,2022-10-14,Schaden and Sons,Toyota,Camry,1999,Crimson,74232
945,2019-02-18,Christiansen Group,Mercedes-Benz,CLK-Class,2009,Goldenrod,85202
946,2018-07-24,Krajcik LLC,GMC,Safari,1995,Turquoise,52276
947,2021-09-02,"Schmidt, Herman and Herzog",Audi,A6,2012,Puce,26681
948,2022-08-12,Torp and Sons,Honda,Pilot,2006,Turquoise,96656
949,2023-02-20,Borer-Witting,Volkswagen,Jetta,1987,Mauv,33300
950,2021-10-07,Kihn LLC,GMC,Safari,2005,Goldenrod,68138
951,2020-11-08,Prosacco Inc,GMC,Envoy XUV,2004,Aquamarine,88683
952,2020-05-23,"Lowe, Gislason and Zemlak",Mercedes-Benz,E-Class,2004,Puce,30439
953,2022-05-08,Thompson Inc,Pontiac,Grand Am,1993,Puce,29976
954,2018-07-23,"Schaden, Luettgen and Langosh",Aptera,Typ-1,2009,Mauv,82677
955,2020-12-12,Rogahn Inc,Kia,Sorento,2013,Maroon,48948
956,2022-04-11,"Donnelly, Jacobs and Ebert",Plymouth,Neon,1998,Orange,66565
957,2021-09-28,Predovic and Sons,Maybach,57,2008,Khaki,21336
958,2023-02-27,"Hegmann, Roberts and Flatley",Suzuki,Grand Vitara,2007,Teal,24663
959,2019-10-04,Langworth-Waters,Jeep,Grand Cherokee,2003,Maroon,56272
960,2019-04-28,Lynch-Yost,Buick,Park Avenue,1998,Teal,31549
961,2021-06-13,Larkin-Quitzon,Toyota,Avalon,2004,Fuscia,97438
962,2020-03-02,Breitenberg and Sons,Ford,F150,2012,Teal,50724
963,2022-06-15,Treutel Group,Infiniti,G,1994,Violet,67917
964,2022-05-21,Blanda-Schinner,Volkswagen,GTI,2010,Puce,69434
965,2021-04-29,Homenick LLC,Pontiac,Parisienne,1986,Purple,72617
966,2020-02-21,McKenzie-Rempel,Honda,S2000,2006,Turquoise,97316
967,2023-03-23,Jakubowski Inc,Ford,Thunderbird,1997,Turquoise,64540
968,2020-07-25,Prohaska and Sons,Dodge,Viper,2001,Crimson,33197
969,2021-06-15,"Feeney, Wiza and Effertz",Mercury,Grand Marquis,1985,Teal,60087
970,2018-08-11,"Connelly, Kulas and Beier",Volkswagen,Phaeton,2004,Crimson,83743
971,2018-08-09,"Barrows, Legros and Balistreri",Isuzu,Axiom,2004,Teal,40532
972,2021-02-23,Walter Inc,Suzuki,Vitara,2003,Puce,71469
973,2021-07-19,"Donnelly, Will and Hand",Aston Martin,V8 Vantage,2012,Purple,32634
974,2020-04-28,Kutch-Schneider,Saturn,L-Series,2001,Crimson,20484
975,2018-12-22,"Dach, Block and Streich",Audi,A4,1998,Pink,72438
976,2020-04-18,"Bergstrom, Bartoletti and Klocko",Toyota,4Runner,1995,Red,15984
977,2021-01-27,"Jenkins, Mills and Lowe",Toyota,Celica,1976,Fuscia,33830
978,2022-01-28,"Lowe, Keeling and Emmerich",Maserati,Quattroporte,2009,Pink,51092
979,2018-08-11,Anderson LLC,Ford,Explorer Sport Trac,2008,Orange,88708
980,2021-07-26,Keebler Group,Chevrolet,Cavalier,1994,Orange,47708
981,2021-12-12,Hammes-Lang,Toyota,Supra,1998,Puce,35704
982,2019-11-08,Hagenes-Gerhold,Dodge,Ram 2500,2002,Orange,43840
983,2021-06-10,Keebler-Lehner,Saab,900,1996,Goldenrod,58502
984,2021-11-06,Jaskolski-Armstrong,Ford,Escape,2012,Khaki,84284
985,2020-06-27,Sawayn-Walsh,Ford,E-Series,1987,Green,46778
986,2018-03-23,Sawayn Inc,Audi,Q5,2009,Khaki,13083
987,2020-11-16,Steuber-Runolfsdottir,Mazda,Navajo,1992,Turquoise,28743
988,2018-09-27,Leuschke LLC,Lexus,SC,1999,Blue,11506
989,2018-03-09,Haag-Balistreri,Chevrolet,Corvette,1984,Violet,79925
990,2021-06-21,Greenholt Inc,Volkswagen,Golf,2006,Teal,93277
991,2019-03-30,"Sawayn, Sauer and Abernathy",Dodge,Ram Wagon B150,1994,Orange,72800
992,2021-05-05,Moen Group,Pontiac,Grand Prix,1969,Pink,84536
993,2020-09-10,Rempel Inc,Pontiac,6000,1986,Puce,86738
994,2019-03-10,O'Connell-Sipes,Jaguar,X-Type,2002,Mauv,37541
995,2020-02-26,Gerlach and Sons,Mercury,Tracer,1999,Goldenrod,51061
996,2020-08-13,"Hartmann, Green and Schneider",Nissan,Sentra,2005,Maroon,15866
997,2023-04-18,"Lakin, Hegmann and Kirlin",Buick,Regal,2000,Red,10321
998,2018-06-16,"Metz, Koelpin and Runolfsson",Renault,Alliance,1983,Violet,48407
999,2020-04-30,Quitzon-Lang,Mitsubishi,Chariot,1992,Purple,20761
1000,2022-10-17,Fadel-Collier,Chevrolet,Express 2500,2006,Blue,16181
